nodes,0,5,10,15,20,25,30,35,40,45,50,55,60,65,70,75,80,85,90,95,100
2,1.03125,1.03125,1.03125,1.03125,1.03125,1.03125,1.03125,1.03125,1.03125,1.03125,1.03125,1.03125,1.03125,1.03125,1.03125,1.03125,1.03125,1.03125,1.03125,1.03125,1.03125
12,1.625,1.625,1.625,1.625,1.625,1.625,1.625,1.625,1.625,1.625,1.625,1.625,1.625,1.625,1.625,1.625,1.625,1.625,1.625,1.625,1.625
22,3.625,3.625,3.5625,3.5625,3.5625,3.5625,3.53125,3.53125,3.53125,3.53125,3.53125,3.53125,3.53125,3.53125,3.53125,3.53125,3.53125,3.53125,3.53125,3.53125,3.53125
32,3.5625,3.5625,3.53125,3.53125,3.53125,3.53125,3.53125,3.53125,3.53125,3.53125,3.53125,3.53125,3.53125,3.53125,3.53125,3.53125,3.53125,3.53125,3.53125,3.53125,3.53125
42,3.625,3.53125,3.53125,3.53125,3.53125,3.53125,3.53125,3.53125,3.53125,3.53125,3.53125,3.53125,3.53125,3.53125,3.53125,3.53125,3.53125,3.53125,3.53125,3.53125,3.53125
52,3.5625,3.53125,3.53125,3.53125,3.53125,3.53125,3.53125,3.53125,3.53125,3.53125,3.53125,3.53125,3.53125,3.53125,3.53125,3.53125,3.53125,3.53125,3.53125,3.53125,3.53125
62,3.5625,3.53125,3.53125,3.53125,3.53125,3.53125,3.53125,3.53125,3.53125,3.53125,3.53125,3.53125,3.53125,3.53125,3.53125,3.53125,3.53125,3.53125,3.53125,3.53125,3.53125
72,4.109375,4.109375,4.109375,4.109375,4.109375,4.109375,4.109375,4.109375,4.109375,4.109375,4.109375,4.109375,4.109375,4.109375,4.109375,4.109375,4.109375,4.109375,4.109375,4.109375,4.109375
82,12.109375,11.828125,11.703125,11.640625,11.640625,11.640625,11.578125,11.578125,11.578125,11.546875,11.578125,11.546875,11.546875,11.546875,11.546875,11.546875,11.546875,11.546875,11.546875,11.546875,11.546875
92,12.109375,11.765625,11.640625,11.640625,11.578125,11.578125,11.578125,11.578125,11.546875,11.546875,11.546875,11.546875,11.546875,11.546875,11.546875,11.546875,11.546875,11.546875,11.546875,11.546875,11.546875
102,12.015625,11.703125,11.640625,11.578125,11.578125,11.578125,11.578125,11.546875,11.546875,11.546875,11.546875,11.546875,11.546875,11.546875,11.546875,11.546875,11.546875,11.546875,11.546875,11.546875,11.546875
112,12.015625,11.640625,11.578125,11.578125,11.578125,11.546875,11.546875,11.546875,11.546875,11.546875,11.546875,11.546875,11.546875,11.546875,11.546875,11.546875,11.546875,11.546875,11.546875,11.546875,11.546875
122,12.015625,11.703125,11.578125,11.578125,11.546875,11.546875,11.546875,11.546875,11.546875,11.546875,11.546875,11.546875,11.546875,11.546875,11.546875,11.546875,11.546875,11.546875,11.546875,11.546875,11.546875
133,11.921875,11.640625,11.578125,11.578125,11.546875,11.546875,11.546875,11.546875,11.546875,11.546875,11.546875,11.546875,11.546875,11.546875,11.546875,11.546875,11.546875,11.546875,11.546875,11.546875,11.546875
143,11.828125,11.640625,11.578125,11.546875,11.546875,11.546875,11.546875,11.546875,11.546875,11.546875,11.546875,11.546875,11.546875,11.546875,11.546875,11.546875,11.546875,11.546875,11.546875,11.546875,11.546875
153,11.921875,11.640625,11.578125,11.546875,11.546875,11.546875,11.546875,11.546875,11.546875,11.546875,11.546875,11.546875,11.546875,11.546875,11.546875,11.546875,11.546875,11.546875,11.546875,11.546875,11.546875
163,11.828125,11.640625,11.578125,11.546875,11.546875,11.546875,11.546875,11.546875,11.546875,11.546875,11.546875,11.546875,11.546875,11.546875,11.546875,11.546875,11.546875,11.546875,11.546875,11.546875,11.546875
173,11.921875,11.640625,11.59375,11.59375,11.59375,11.59375,11.59375,11.59375,11.59375,11.59375,11.59375,11.59375,11.59375,11.59375,11.59375,11.59375,11.59375,11.59375,11.59375,11.59375,11.59375
183,11.921875,11.640625,11.59375,11.59375,11.59375,11.59375,11.59375,11.59375,11.59375,11.59375,11.59375,11.59375,11.59375,11.59375,11.59375,11.59375,11.59375,11.59375,11.59375,11.59375,11.59375
193,11.828125,11.59375,12.109375,12.109375,12.109375,12.109375,12.109375,12.109375,12.109375,12.109375,12.109375,12.109375,12.109375,12.109375,12.109375,12.109375,12.109375,12.109375,12.109375,12.109375,12.109375
203,11.828125,12.359375,12.359375,12.359375,12.359375,12.359375,12.359375,12.359375,12.359375,12.359375,12.359375,12.359375,12.359375,12.359375,12.359375,12.359375,12.359375,12.359375,12.359375,12.359375,12.359375
213,11.828125,12.359375,12.359375,12.359375,12.359375,12.359375,12.359375,12.359375,12.359375,12.359375,12.359375,12.359375,12.359375,12.359375,12.359375,12.359375,12.359375,12.359375,12.359375,12.359375,12.359375
223,11.921875,12.359375,12.359375,12.359375,12.359375,12.359375,12.359375,12.359375,12.359375,12.359375,12.359375,12.359375,12.359375,12.359375,12.359375,12.359375,12.359375,12.359375,12.359375,12.359375,12.359375
233,11.828125,12.640625,12.640625,12.640625,12.640625,12.640625,12.640625,12.640625,12.640625,12.640625,12.640625,12.640625,12.640625,12.640625,12.640625,12.640625,12.640625,12.640625,12.640625,12.640625,12.640625
243,11.765625,12.640625,12.640625,12.640625,12.640625,12.640625,12.640625,12.640625,12.640625,12.640625,12.640625,12.640625,12.640625,12.640625,12.640625,12.640625,12.640625,12.640625,12.640625,12.640625,12.640625
254,11.828125,12.640625,12.640625,12.640625,12.640625,12.640625,12.640625,12.640625,12.640625,12.640625,12.640625,12.640625,12.640625,12.640625,12.640625,12.640625,12.640625,12.640625,12.640625,12.640625,12.640625
264,11.828125,12.640625,13.15625,13.15625,13.15625,13.15625,13.15625,13.15625,13.15625,13.15625,13.15625,13.15625,13.15625,13.15625,13.15625,13.15625,13.15625,13.15625,13.15625,13.15625,13.15625
274,11.921875,13.46875,13.46875,13.46875,13.46875,13.46875,13.46875,13.46875,13.46875,13.46875,13.46875,13.46875,13.46875,13.46875,13.46875,13.46875,13.46875,13.46875,13.46875,13.46875,13.46875
284,12.4375,13.46875,13.46875,13.46875,13.46875,13.46875,13.46875,13.46875,13.46875,13.46875,13.46875,13.46875,13.46875,13.46875,13.46875,13.46875,13.46875,13.46875,13.46875,13.46875,13.46875
294,11.921875,13.46875,13.46875,13.46875,13.46875,13.46875,13.46875,13.46875,13.46875,13.46875,13.46875,13.46875,13.46875,13.46875,13.46875,13.46875,13.46875,13.46875,13.46875,13.46875,13.46875
304,11.921875,13.46875,13.46875,13.46875,13.46875,13.46875,13.46875,13.46875,13.46875,13.46875,13.46875,13.46875,13.46875,13.46875,13.46875,13.46875,13.46875,13.46875,13.46875,13.46875,13.46875
314,43.921875,43.5625,43.375,43.25,43.1875,43.1875,43.1875,43.1875,43.125,43.125,43.125,43.125,43.09375,43.09375,43.09375,43.09375,43.09375,43.09375,43.09375,43.09375,43.09375
324,44.4375,43.46875,43.25,43.25,43.1875,43.1875,43.1875,43.125,43.125,43.125,43.09375,43.09375,43.09375,43.09375,43.09375,43.09375,43.09375,43.09375,43.09375,43.09375,43.09375
334,43.921875,43.375,43.25,43.1875,43.1875,43.1875,43.125,43.125,43.125,43.125,43.09375,43.09375,43.09375,43.09375,43.09375,43.09375,43.09375,43.09375,43.09375,43.09375,43.09375
344,44.4375,43.375,43.25,43.1875,43.1875,43.125,43.125,43.125,43.09375,43.09375,43.09375,43.09375,43.09375,43.09375,43.09375,43.09375,43.09375,43.09375,43.09375,43.09375,43.09375
354,43.609375,43.375,43.25,43.1875,43.1875,43.125,43.125,43.125,43.125,43.09375,43.09375,43.09375,43.09375,43.09375,43.09375,43.09375,43.09375,43.09375,43.09375,43.09375,43.09375
364,44.125,43.375,43.1875,43.1875,43.125,43.125,43.125,43.09375,43.09375,43.09375,43.09375,43.09375,43.09375,43.09375,43.09375,43.09375,43.09375,43.09375,43.09375,43.09375,43.09375
374,43.84375,43.3125,43.1875,43.1875,43.125,43.125,43.125,43.09375,43.09375,43.09375,43.09375,43.09375,43.09375,43.09375,43.09375,43.09375,43.09375,43.09375,43.09375,43.09375,43.09375
385,44.125,43.3125,43.1875,43.1875,43.125,43.125,43.125,43.09375,43.09375,43.09375,43.09375,43.09375,43.09375,43.09375,43.09375,43.09375,43.09375,43.09375,43.09375,43.09375,43.09375
395,44.125,43.3125,43.1875,43.1875,43.125,43.125,43.125,43.09375,43.09375,43.09375,43.09375,43.09375,43.09375,43.09375,43.09375,43.09375,43.09375,43.09375,43.09375,43.09375,43.09375
405,44.125,43.3125,43.1875,43.1875,43.125,43.125,43.125,43.09375,43.09375,43.09375,43.09375,43.09375,43.09375,43.09375,43.09375,43.09375,43.09375,43.09375,43.09375,43.09375,43.09375
415,44.125,43.3125,43.1875,43.125,43.125,43.125,43.09375,43.09375,43.09375,43.09375,43.09375,43.09375,43.09375,43.09375,43.09375,43.09375,43.09375,43.09375,43.09375,43.09375,43.09375
425,43.84375,43.25,43.1875,43.125,43.125,43.125,43.09375,43.09375,43.09375,43.09375,43.09375,43.09375,43.09375,43.09375,43.09375,43.09375,43.09375,43.09375,43.09375,43.09375,43.09375
435,43.84375,43.25,43.1875,43.125,43.125,43.09375,43.09375,43.09375,43.09375,43.09375,43.09375,43.09375,43.09375,43.09375,43.09375,43.09375,43.09375,43.09375,43.09375,43.09375,43.09375
445,43.84375,43.25,43.1875,43.125,43.125,43.09375,43.09375,43.09375,43.09375,43.09375,43.09375,43.09375,43.09375,43.09375,43.09375,43.09375,43.09375,43.09375,43.09375,43.09375,43.09375
455,43.84375,43.25,43.1875,43.125,43.125,43.09375,43.09375,43.09375,43.09375,43.09375,43.09375,43.09375,43.09375,43.09375,43.09375,43.09375,43.09375,43.09375,43.09375,43.09375,43.09375
465,43.84375,43.25,43.1875,43.125,43.125,43.09375,43.09375,43.09375,43.09375,43.09375,43.09375,43.09375,43.09375,43.09375,43.09375,43.09375,43.09375,43.09375,43.09375,43.09375,43.09375
475,43.84375,43.25,43.1875,43.125,43.125,43.09375,43.09375,43.09375,43.09375,43.09375,43.09375,43.09375,43.09375,43.09375,43.09375,43.09375,43.09375,43.09375,43.09375,43.09375,43.09375
485,43.84375,43.25,43.1875,43.125,43.125,43.09375,43.09375,43.09375,43.09375,43.09375,43.09375,43.09375,43.09375,43.09375,43.09375,43.09375,43.09375,43.09375,43.09375,43.09375,43.09375
495,43.84375,43.25,43.1875,43.125,43.09375,43.09375,43.09375,43.09375,43.09375,43.09375,43.09375,43.09375,43.09375,43.09375,43.09375,43.09375,43.09375,43.09375,43.09375,43.09375,43.09375
506,43.84375,43.25,43.1875,43.125,43.125,43.09375,43.09375,43.09375,43.09375,43.09375,43.09375,43.09375,43.09375,43.09375,43.09375,43.09375,43.09375,43.09375,43.09375,43.09375,43.09375
516,44.125,43.1875,43.125,43.125,43.09375,43.09375,43.09375,43.09375,43.09375,43.09375,43.09375,43.09375,43.09375,43.09375,43.09375,43.09375,43.09375,43.09375,43.09375,43.09375,43.09375
526,43.59375,43.25,43.125,43.125,43.125,43.09375,43.09375,43.09375,43.09375,43.09375,43.09375,43.09375,43.09375,43.09375,43.09375,43.09375,43.09375,43.09375,43.09375,43.09375,43.09375
536,43.84375,43.1875,43.1875,43.125,43.09375,43.09375,43.09375,43.09375,43.09375,43.09375,43.09375,43.09375,43.09375,43.09375,43.09375,43.09375,43.09375,43.09375,43.09375,43.09375,43.09375
546,43.59375,43.25,43.125,43.125,43.09375,43.09375,43.09375,43.09375,43.09375,43.09375,43.09375,43.09375,43.09375,43.09375,43.09375,43.09375,43.09375,43.09375,43.09375,43.09375,43.09375
556,43.59375,43.1875,43.125,43.125,43.09375,43.09375,43.09375,43.09375,43.09375,43.09375,43.09375,43.09375,43.09375,43.09375,43.09375,43.09375,43.09375,43.09375,43.09375,43.09375,43.09375
566,43.59375,43.1875,43.125,43.125,43.09375,43.09375,43.09375,43.09375,43.09375,43.09375,43.09375,43.09375,43.09375,43.09375,43.09375,43.09375,43.09375,43.09375,43.09375,43.09375,43.09375
576,43.59375,43.1875,43.125,43.125,43.09375,43.09375,43.09375,43.09375,43.09375,43.09375,43.09375,43.09375,43.09375,43.09375,43.09375,43.09375,43.09375,43.09375,43.09375,43.09375,43.09375
586,43.59375,43.1875,43.125,43.125,43.09375,43.09375,43.09375,43.09375,43.09375,43.09375,43.09375,43.09375,43.09375,43.09375,43.09375,43.09375,43.09375,43.09375,43.09375,43.09375,43.09375
596,43.84375,43.1875,43.125,43.09375,43.09375,43.09375,43.09375,43.09375,43.09375,43.09375,43.09375,43.09375,43.09375,43.09375,43.09375,43.09375,43.09375,43.09375,43.09375,43.09375,43.09375
606,43.59375,43.1875,43.125,43.125,43.09375,43.09375,43.09375,43.09375,43.09375,43.09375,43.09375,43.09375,43.09375,43.09375,43.09375,43.09375,43.09375,43.09375,43.09375,43.09375,43.09375
616,43.59375,43.1875,43.125,43.09375,43.09375,43.09375,43.09375,43.09375,43.09375,43.09375,43.09375,43.09375,43.09375,43.09375,43.09375,43.09375,43.09375,43.09375,43.09375,43.09375,43.09375
627,43.59375,43.1875,43.125,43.125,43.09375,43.09375,43.09375,43.09375,43.09375,43.09375,43.09375,43.09375,43.09375,43.09375,43.09375,43.09375,43.09375,43.09375,43.09375,43.09375,43.09375
637,43.59375,43.1875,43.125,43.09375,43.09375,43.09375,43.09375,43.09375,43.09375,43.09375,43.09375,43.09375,43.09375,43.09375,43.09375,43.09375,43.09375,43.09375,43.09375,43.09375,43.09375
647,43.59375,43.1875,43.40625,43.40625,43.40625,43.40625,43.40625,43.40625,43.40625,43.40625,43.40625,43.40625,43.40625,43.40625,43.40625,43.40625,43.40625,43.40625,43.40625,43.40625,43.40625
657,43.84375,43.1875,43.40625,43.40625,43.40625,43.40625,43.40625,43.40625,43.40625,43.40625,43.40625,43.40625,43.40625,43.40625,43.40625,43.40625,43.40625,43.40625,43.40625,43.40625,43.40625
667,43.84375,43.40625,43.40625,43.40625,43.40625,43.40625,43.40625,43.40625,43.40625,43.40625,43.40625,43.40625,43.40625,43.40625,43.40625,43.40625,43.40625,43.40625,43.40625,43.40625,43.40625
677,43.59375,44.09375,44.09375,44.09375,44.09375,44.09375,44.09375,44.09375,44.09375,44.09375,44.09375,44.09375,44.09375,44.09375,44.09375,44.09375,44.09375,44.09375,44.09375,44.09375,44.09375
687,43.59375,44.09375,44.09375,44.09375,44.09375,44.09375,44.09375,44.09375,44.09375,44.09375,44.09375,44.09375,44.09375,44.09375,44.09375,44.09375,44.09375,44.09375,44.09375,44.09375,44.09375
697,43.84375,44.09375,44.09375,44.09375,44.09375,44.09375,44.09375,44.09375,44.09375,44.09375,44.09375,44.09375,44.09375,44.09375,44.09375,44.09375,44.09375,44.09375,44.09375,44.09375,44.09375
707,43.84375,44.09375,44.609375,44.609375,44.609375,44.609375,44.609375,44.609375,44.609375,44.609375,44.609375,44.609375,44.609375,44.609375,44.609375,44.609375,44.609375,44.609375,44.609375,44.609375,44.609375
717,43.59375,44.09375,44.609375,44.609375,44.609375,44.609375,44.609375,44.609375,44.609375,44.609375,44.609375,44.609375,44.609375,44.609375,44.609375,44.609375,44.609375,44.609375,44.609375,44.609375,44.609375
727,43.59375,44.09375,44.609375,44.609375,44.609375,44.609375,44.609375,44.609375,44.609375,44.609375,44.609375,44.609375,44.609375,44.609375,44.609375,44.609375,44.609375,44.609375,44.609375,44.609375,44.609375
737,43.59375,44.609375,44.609375,44.609375,44.609375,44.609375,44.609375,44.609375,44.609375,44.609375,44.609375,44.609375,44.609375,44.609375,44.609375,44.609375,44.609375,44.609375,44.609375,44.609375,44.609375
747,43.59375,44.609375,44.609375,44.609375,44.609375,44.609375,44.609375,44.609375,44.609375,44.609375,44.609375,44.609375,44.609375,44.609375,44.609375,44.609375,44.609375,44.609375,44.609375,44.609375,44.609375
758,43.59375,44.609375,44.609375,44.609375,44.609375,44.609375,44.609375,44.609375,44.609375,44.609375,44.609375,44.609375,44.609375,44.609375,44.609375,44.609375,44.609375,44.609375,44.609375,44.609375,44.609375
768,43.59375,45.390625,45.390625,45.90625,45.90625,45.90625,45.90625,45.90625,45.90625,45.90625,45.90625,45.90625,45.90625,45.90625,45.90625,45.90625,45.90625,45.90625,45.90625,45.90625,45.90625
778,43.59375,45.390625,45.90625,45.90625,45.90625,45.90625,45.90625,45.90625,45.90625,45.90625,45.90625,45.90625,45.90625,45.90625,45.90625,45.90625,45.90625,45.90625,45.90625,45.90625,45.90625
788,43.703125,45.390625,45.90625,45.90625,45.90625,45.90625,45.90625,45.90625,45.90625,45.90625,45.90625,45.90625,45.90625,45.90625,45.90625,45.90625,45.90625,45.90625,45.90625,45.90625,45.90625
798,43.890625,45.90625,45.90625,45.90625,45.90625,45.90625,45.90625,45.90625,45.90625,45.90625,45.90625,45.90625,45.90625,45.90625,45.90625,45.90625,45.90625,45.90625,45.90625,45.90625,45.90625
808,43.375,45.90625,45.90625,45.90625,45.90625,45.90625,45.90625,45.90625,45.90625,45.90625,45.90625,45.90625,45.90625,45.90625,45.90625,45.90625,45.90625,45.90625,45.90625,45.90625,45.90625
818,43.59375,45.90625,45.90625,45.90625,45.90625,45.90625,45.90625,45.90625,45.90625,45.90625,45.90625,45.90625,45.90625,45.90625,45.90625,45.90625,45.90625,45.90625,45.90625,45.90625,45.90625
828,43.375,45.90625,45.90625,45.90625,45.90625,45.90625,45.90625,45.90625,45.90625,45.90625,45.90625,45.90625,45.90625,45.90625,45.90625,45.90625,45.90625,45.90625,45.90625,45.90625,45.90625
838,43.375,45.90625,46.421875,46.421875,46.421875,46.421875,46.421875,46.421875,46.421875,46.421875,46.421875,46.421875,46.421875,46.421875,46.421875,46.421875,46.421875,46.421875,46.421875,46.421875,46.421875
848,43.375,45.90625,46.421875,46.421875,46.421875,46.421875,46.421875,46.421875,46.421875,46.421875,46.421875,46.421875,46.421875,46.421875,46.421875,46.421875,46.421875,46.421875,46.421875,46.421875,46.421875
858,43.890625,45.90625,46.421875,46.421875,46.421875,46.421875,46.421875,46.421875,46.421875,46.421875,46.421875,46.421875,46.421875,46.421875,46.421875,46.421875,46.421875,46.421875,46.421875,46.421875,46.421875
868,43.59375,47.296875,47.296875,47.296875,47.296875,47.296875,47.296875,47.296875,47.296875,47.296875,47.296875,47.296875,47.296875,47.296875,47.296875,47.296875,47.296875,47.296875,47.296875,47.296875,47.296875
879,43.59375,47.296875,47.296875,47.296875,47.296875,47.296875,47.296875,47.296875,47.296875,47.296875,47.296875,47.296875,47.296875,47.296875,47.296875,47.296875,47.296875,47.296875,47.296875,47.296875,47.296875
889,43.59375,47.296875,47.296875,47.296875,47.296875,47.296875,47.296875,47.296875,47.296875,47.296875,47.296875,47.296875,47.296875,47.296875,47.296875,47.296875,47.296875,47.296875,47.296875,47.296875,47.296875
899,43.703125,47.296875,47.8125,47.8125,47.8125,47.8125,47.8125,47.8125,47.8125,47.8125,47.8125,47.8125,47.8125,47.8125,47.8125,47.8125,47.8125,47.8125,47.8125,47.8125,47.8125
909,43.890625,47.296875,47.8125,47.8125,47.8125,47.8125,47.8125,47.8125,47.8125,47.8125,47.8125,47.8125,47.8125,47.8125,47.8125,47.8125,47.8125,47.8125,47.8125,47.8125,47.8125
919,43.375,47.296875,47.8125,47.8125,47.8125,47.8125,47.8125,47.8125,47.8125,47.8125,47.8125,47.8125,47.8125,47.8125,47.8125,47.8125,47.8125,47.8125,47.8125,47.8125,47.8125
929,43.375,47.296875,47.8125,47.8125,47.8125,47.8125,47.8125,47.8125,47.8125,47.8125,47.8125,47.8125,47.8125,47.8125,47.8125,47.8125,47.8125,47.8125,47.8125,47.8125,47.8125
939,43.59375,47.8125,47.8125,47.8125,47.8125,47.8125,47.8125,47.8125,47.8125,47.8125,47.8125,47.8125,47.8125,47.8125,47.8125,47.8125,47.8125,47.8125,47.8125,47.8125,47.8125
949,43.59375,47.8125,47.8125,47.8125,47.8125,47.8125,47.8125,47.8125,47.8125,47.8125,47.8125,47.8125,47.8125,47.8125,47.8125,47.8125,47.8125,47.8125,47.8125,47.8125,47.8125
959,43.375,47.8125,47.8125,47.8125,47.8125,47.8125,47.8125,47.8125,47.8125,47.8125,47.8125,47.8125,47.8125,47.8125,47.8125,47.8125,47.8125,47.8125,47.8125,47.8125,47.8125
969,43.59375,47.8125,48.328125,48.328125,48.328125,48.328125,48.328125,48.328125,48.328125,48.328125,48.328125,48.328125,48.328125,48.328125,48.328125,48.328125,48.328125,48.328125,48.328125,48.328125,48.328125
979,43.890625,48.8125,49.328125,49.328125,49.328125,49.328125,49.328125,49.328125,49.328125,49.328125,49.328125,49.328125,49.328125,49.328125,49.328125,49.328125,49.328125,49.328125,49.328125,49.328125,49.328125
989,43.890625,49.328125,49.328125,49.328125,49.328125,49.328125,49.328125,49.328125,49.328125,49.328125,49.328125,49.328125,49.328125,49.328125,49.328125,49.328125,49.328125,49.328125,49.328125,49.328125,49.328125
1000,43.703125,49.328125,49.328125,49.328125,49.328125,49.328125,49.328125,49.328125,49.328125,49.328125,49.328125,49.328125,49.328125,49.328125,49.328125,49.328125,49.328125,49.328125,49.328125,49.328125,49.328125
