algorithm_family,graph_type,nodes,algorithm,median_time_ms,median_memory_kb,median_reachable,edges,density_ratio
all_pairs,dense,25,FloydWarshall_Classic,5.665900003805291,5.34375,625.0,395.0,0.6583333333333333
all_pairs,dense,25,FloydWarshall_Optimized,6.485900004918221,5.296875,625.0,395.0,0.6583333333333333
all_pairs,dense,50,FloydWarshall_Classic,33.76159999606898,20.1484375,2500.0,1573.0,0.6420408163265307
all_pairs,dense,50,FloydWarshall_Optimized,41.476499995042104,20.1015625,2500.0,1573.0,0.6420408163265307
all_pairs,dense,75,FloydWarshall_Classic,109.13940000318689,44.75,5625.0,3580.0,0.645045045045045
all_pairs,dense,75,FloydWarshall_Optimized,131.28790000337176,44.703125,5625.0,3580.0,0.645045045045045
all_pairs,dense,100,FloydWarshall_Classic,234.62619999918388,80.3828125,10000.0,6479.0,0.6544444444444445
all_pairs,dense,100,FloydWarshall_Optimized,308.20040000253357,80.3359375,10000.0,6479.0,0.6544444444444445
all_pairs,dense,125,FloydWarshall_Classic,440.02269999327837,125.8515625,15625.0,10169.0,0.6560645161290323
all_pairs,dense,125,FloydWarshall_Optimized,728.649900003802,125.8046875,15625.0,10169.0,0.6560645161290323
all_pairs,medium,25,FloydWarshall_Classic,6.606599999940954,5.34375,625.0,219.0,0.365
all_pairs,medium,25,FloydWarshall_Optimized,5.8139000029768795,5.296875,625.0,219.0,0.365
all_pairs,medium,50,FloydWarshall_Classic,36.32089999882737,20.1484375,2500.0,833.0,0.34
all_pairs,medium,50,FloydWarshall_Optimized,47.92750000342494,20.1015625,2500.0,833.0,0.34
all_pairs,medium,75,FloydWarshall_Classic,113.62699999881443,44.75,5625.0,1957.0,0.3526126126126126
all_pairs,medium,75,FloydWarshall_Optimized,151.53219999774592,44.703125,5625.0,1957.0,0.3526126126126126
all_pairs,medium,100,FloydWarshall_Classic,243.79039999621455,80.3828125,10000.0,3498.0,0.35333333333333333
all_pairs,medium,100,FloydWarshall_Optimized,405.0749000016367,80.3359375,10000.0,3498.0,0.35333333333333333
all_pairs,medium,125,FloydWarshall_Classic,549.4598000004771,125.8515625,15625.0,5390.0,0.34774193548387095
all_pairs,medium,125,FloydWarshall_Optimized,655.1958000054583,125.8046875,15625.0,5390.0,0.34774193548387095
all_pairs,sparse,25,FloydWarshall_Classic,9.620199998607859,5.34375,554.0,91.0,0.15166666666666667
all_pairs,sparse,25,FloydWarshall_Optimized,4.250099998898804,5.296875,554.0,91.0,0.15166666666666667
all_pairs,sparse,50,FloydWarshall_Classic,55.390499997884035,20.1484375,2500.0,368.0,0.15020408163265306
all_pairs,sparse,50,FloydWarshall_Optimized,29.243099997984245,20.1015625,2500.0,368.0,0.15020408163265306
all_pairs,sparse,75,FloydWarshall_Classic,145.1840000008815,44.75,5625.0,824.0,0.14846846846846848
all_pairs,sparse,75,FloydWarshall_Optimized,113.8855000026524,44.703125,5625.0,824.0,0.14846846846846848
all_pairs,sparse,100,FloydWarshall_Classic,284.11939999932656,80.3828125,10000.0,1481.0,0.1495959595959596
all_pairs,sparse,100,FloydWarshall_Optimized,284.7283000010066,80.3359375,10000.0,1481.0,0.1495959595959596
all_pairs,sparse,125,FloydWarshall_Classic,650.7901000004495,125.8515625,15625.0,2337.0,0.1507741935483871
all_pairs,sparse,125,FloydWarshall_Optimized,625.740900002711,125.8046875,15625.0,2337.0,0.1507741935483871
single_source,dense,100,Dijkstra_Classic,1.3737999979639426,1.6953125,100.0,6479.0,0.6544444444444445
single_source,dense,100,Dijkstra_Optimized,0.734499997633975,2.9453125,100.0,6479.0,0.6544444444444445
single_source,dense,250,Dijkstra_Classic,7.301799996639602,4.0390625,250.0,40433.0,0.6495261044176707
single_source,dense,250,Dijkstra_Optimized,3.6947999979020096,7.9609375,250.0,40433.0,0.6495261044176707
single_source,dense,500,Dijkstra_Classic,217.0715999964159,8.0390625,500.0,161855.0,0.6487174348697394
single_source,dense,500,Dijkstra_Optimized,15.776399995957036,16.3515625,500.0,161855.0,0.6487174348697394
single_source,dense,1000,Dijkstra_Classic,1035.13849999581,15.8515625,1000.0,649063.0,0.6497127127127127
single_source,dense,1000,Dijkstra_Optimized,45.05810000409838,91.609375,1000.0,649063.0,0.6497127127127127
single_source,dense,1500,Dijkstra_Classic,4562.148699995305,23.6640625,1500.0,1461720.0,0.6500867244829887
single_source,dense,1500,Dijkstra_Optimized,226.50290000456152,209.75,1500.0,1461720.0,0.6500867244829887
single_source,medium,100,Dijkstra_Classic,2.045399996859487,1.6953125,100.0,3498.0,0.35333333333333333
single_source,medium,100,Dijkstra_Optimized,0.9835000018938445,2.6640625,100.0,3498.0,0.35333333333333333
single_source,medium,250,Dijkstra_Classic,5.148099997313693,4.0390625,250.0,21727.0,0.3490281124497992
single_source,medium,250,Dijkstra_Optimized,4.321199994592462,7.2734375,250.0,21727.0,0.3490281124497992
single_source,medium,500,Dijkstra_Classic,205.97750000160886,8.0390625,500.0,87610.0,0.35114228456913826
single_source,medium,500,Dijkstra_Optimized,14.159600003040396,16.3515625,500.0,87610.0,0.35114228456913826
single_source,medium,1000,Dijkstra_Classic,1361.3987999997335,15.8515625,1000.0,349687.0,0.35003703703703704
single_source,medium,1000,Dijkstra_Optimized,44.19639999832725,89.96875,1000.0,349687.0,0.35003703703703704
single_source,medium,1500,Dijkstra_Classic,3163.1998000011663,23.6640625,1500.0,786498.0,0.3497878585723816
single_source,medium,1500,Dijkstra_Optimized,97.00010000233306,192.0625,1500.0,786498.0,0.3497878585723816
single_source,sparse,100,Dijkstra_Classic,0.894299999345094,1.6953125,100.0,1481.0,0.1495959595959596
single_source,sparse,100,Dijkstra_Optimized,0.3471000018180348,2.0078125,100.0,1481.0,0.1495959595959596
single_source,sparse,250,Dijkstra_Classic,8.374400000320747,4.0390625,250.0,9356.0,0.15029718875502007
single_source,sparse,250,Dijkstra_Optimized,2.2643999982392415,6.0859375,250.0,9356.0,0.15029718875502007
single_source,sparse,500,Dijkstra_Classic,271.8927000023541,8.0390625,500.0,37188.0,0.1490501002004008
single_source,sparse,500,Dijkstra_Optimized,5.13900000078138,13.6953125,500.0,37188.0,0.1490501002004008
single_source,sparse,1000,Dijkstra_Classic,1313.2438999964506,15.8515625,1000.0,149835.0,0.149984984984985
single_source,sparse,1000,Dijkstra_Optimized,28.529700000945013,71.265625,1000.0,149835.0,0.149984984984985
single_source,sparse,1500,Dijkstra_Classic,3325.8915999977035,23.6640625,1500.0,337166.0,0.14995152323771402
single_source,sparse,1500,Dijkstra_Optimized,53.91770000278484,175.1640625,1500.0,337166.0,0.14995152323771402
