algorithm,execution_time_ms,peak_memory_kb,mst_weight,trial,nodes,edges,density_ratio,graph_type
Prim_Classic,1.8826000014087185,86.359375,263,1,100,565,0.11414141414141414,sparse
Prim_Classic,2.7992000032099895,82.0078125,263,2,100,565,0.11414141414141414,sparse
Prim_Classic,3.467199996521231,82.03125,263,3,100,565,0.11414141414141414,sparse
Prim_Optimized,0.928000001295004,36.6875,263,1,100,565,0.11414141414141414,sparse
Prim_Optimized,0.4430999979376793,13.7734375,263,2,100,565,0.11414141414141414,sparse
Prim_Optimized,0.4838999957428314,13.7734375,263,3,100,565,0.11414141414141414,sparse
Kruskal_Classic,10.953200006042607,28.6328125,263,1,100,565,0.11414141414141414,sparse
Kruskal_Classic,10.920700005954131,28.6328125,263,2,100,565,0.11414141414141414,sparse
Kruskal_Classic,5.457300001580734,28.6328125,263,3,100,565,0.11414141414141414,sparse
Kruskal_Optimized,2.31020000501303,8.765625,263,1,100,565,0.11414141414141414,sparse
Kruskal_Optimized,1.764000000548549,8.703125,263,2,100,565,0.11414141414141414,sparse
Kruskal_Optimized,1.8939000001410022,8.703125,263,3,100,565,0.11414141414141414,sparse
Prim_Classic,9.83999999880325,324.15625,338,1,200,2149,0.10798994974874372,sparse
Prim_Classic,10.152800001378637,324.15625,338,2,200,2149,0.10798994974874372,sparse
Prim_Classic,16.21020000311546,324.15625,338,3,200,2149,0.10798994974874372,sparse
Prim_Optimized,5.040299998654518,65.8203125,338,1,200,2149,0.10798994974874372,sparse
Prim_Optimized,1.2989000024390407,24.0390625,338,2,200,2149,0.10798994974874372,sparse
Prim_Optimized,2.9246000049170107,24.0390625,338,3,200,2149,0.10798994974874372,sparse
Kruskal_Classic,19.13310000236379,68.78125,338,1,200,2149,0.10798994974874372,sparse
Kruskal_Classic,57.11149999842746,68.78125,338,2,200,2149,0.10798994974874372,sparse
Kruskal_Classic,24.707699994905852,68.78125,338,3,200,2149,0.10798994974874372,sparse
Kruskal_Optimized,33.66950000054203,28.6640625,338,1,200,2149,0.10798994974874372,sparse
Kruskal_Optimized,25.2256000021589,28.6015625,338,2,200,2149,0.10798994974874372,sparse
Kruskal_Optimized,12.494599999627098,28.6015625,338,3,200,2149,0.10798994974874372,sparse
Prim_Classic,160.94090000115102,980.578125,440,1,350,6436,0.10537863282848957,sparse
Prim_Classic,252.64079999760725,980.578125,440,2,350,6436,0.10537863282848957,sparse
Prim_Classic,187.40560000151163,980.578125,440,3,350,6436,0.10537863282848957,sparse
Prim_Optimized,22.070800005167257,306.5078125,440,1,350,6436,0.10537863282848957,sparse
Prim_Optimized,21.33680000406457,306.453125,440,2,350,6436,0.10537863282848957,sparse
Prim_Optimized,17.599600003450178,306.453125,440,3,350,6436,0.10537863282848957,sparse
Kruskal_Classic,94.95829999650596,153.765625,440,1,350,6436,0.10537863282848957,sparse
Kruskal_Classic,90.54139999352628,153.765625,440,2,350,6436,0.10537863282848957,sparse
Kruskal_Classic,74.15860000037355,153.765625,440,3,350,6436,0.10537863282848957,sparse
Kruskal_Optimized,39.893100001791026,83.1015625,440,1,350,6436,0.10537863282848957,sparse
Kruskal_Optimized,23.954399999638554,83.1015625,440,2,350,6436,0.10537863282848957,sparse
Kruskal_Optimized,33.03020000021206,83.1015625,440,3,350,6436,0.10537863282848957,sparse
Prim_Classic,820.5811000007088,1988.53125,548,1,500,12878,0.10323046092184368,sparse
Prim_Classic,602.2893999979715,1988.53125,548,2,500,12878,0.10323046092184368,sparse
Prim_Classic,581.3622000059695,1988.53125,548,3,500,12878,0.10323046092184368,sparse
Prim_Optimized,61.92880000162404,692.6796875,548,1,500,12878,0.10323046092184368,sparse
Prim_Optimized,48.66250000486616,692.625,548,2,500,12878,0.10323046092184368,sparse
Prim_Optimized,78.30149999790592,692.625,548,3,500,12878,0.10323046092184368,sparse
Kruskal_Classic,140.73789999383735,265.625,548,1,500,12878,0.10323046092184368,sparse
Kruskal_Classic,172.09490000095684,265.625,548,2,500,12878,0.10323046092184368,sparse
Kruskal_Classic,110.23340000247117,265.625,548,3,500,12878,0.10323046092184368,sparse
Kruskal_Optimized,103.10029999527615,164.4140625,548,1,500,12878,0.10323046092184368,sparse
Kruskal_Optimized,81.00730000296608,164.3515625,548,2,500,12878,0.10323046092184368,sparse
Kruskal_Optimized,77.58349999494385,164.3515625,548,3,500,12878,0.10323046092184368,sparse
Prim_Classic,1318.2277000014437,3879.46875,715,1,700,25219,0.10308195381156754,sparse
Prim_Classic,1462.6523000042653,3879.46875,715,2,700,25219,0.10308195381156754,sparse
Prim_Classic,1239.3182999949204,3879.46875,715,3,700,25219,0.10308195381156754,sparse
Prim_Optimized,126.30080000235466,1421.59375,715,1,700,25219,0.10308195381156754,sparse
Prim_Optimized,163.06400000030408,1421.5390625,715,2,700,25219,0.10308195381156754,sparse
Prim_Optimized,76.57530000142287,1421.5390625,715,3,700,25219,0.10308195381156754,sparse
Kruskal_Classic,362.7093999966746,458.1640625,715,1,700,25219,0.10308195381156754,sparse
Kruskal_Classic,357.05179999786196,458.1640625,715,2,700,25219,0.10308195381156754,sparse
Kruskal_Classic,426.70109999744454,458.1640625,715,3,700,25219,0.10308195381156754,sparse
Kruskal_Optimized,223.72689999610884,316.015625,715,1,700,25219,0.10308195381156754,sparse
Kruskal_Optimized,233.5352000009152,315.953125,715,2,700,25219,0.10308195381156754,sparse
Kruskal_Optimized,227.09780000150204,315.953125,715,3,700,25219,0.10308195381156754,sparse
Prim_Classic,3.999400003522169,82.0,146,1,100,1271,0.25676767676767676,medium
Prim_Classic,1.9739999988814816,82.0,146,2,100,1271,0.25676767676767676,medium
Prim_Classic,2.9506999999284744,82.0,146,3,100,1271,0.25676767676767676,medium
Prim_Optimized,1.4404999965336174,19.9296875,146,1,100,1271,0.25676767676767676,medium
Prim_Optimized,0.9499000007053837,19.9296875,146,2,100,1271,0.25676767676767676,medium
Prim_Optimized,0.8256000000983477,19.9296875,146,3,100,1271,0.25676767676767676,medium
Kruskal_Classic,17.2487000018009,36.7734375,146,1,100,1271,0.25676767676767676,medium
Kruskal_Classic,56.49519999860786,36.7734375,146,2,100,1271,0.25676767676767676,medium
Kruskal_Classic,15.753899999253917,36.7734375,146,3,100,1271,0.25676767676767676,medium
Kruskal_Optimized,5.10260000010021,16.84375,146,1,100,1271,0.25676767676767676,medium
Kruskal_Optimized,38.05070000089472,16.84375,146,2,100,1271,0.25676767676767676,medium
Kruskal_Optimized,63.92520000372315,16.84375,146,3,100,1271,0.25676767676767676,medium
Prim_Classic,12.117799997213297,324.125,215,1,200,5155,0.2590452261306533,medium
Prim_Classic,30.06230000028154,324.125,215,2,200,5155,0.2590452261306533,medium
Prim_Classic,10.777100003906526,324.125,215,3,200,5155,0.2590452261306533,medium
Prim_Optimized,20.18859999952838,206.8203125,215,1,200,5155,0.2590452261306533,medium
Prim_Optimized,44.730000001436565,206.765625,215,2,200,5155,0.2590452261306533,medium
Prim_Optimized,12.532699998700991,206.765625,215,3,200,5155,0.2590452261306533,medium
Kruskal_Classic,59.041300002718344,103.390625,215,1,200,5155,0.2590452261306533,medium
Kruskal_Classic,119.31999999796972,103.390625,215,2,200,5155,0.2590452261306533,medium
Kruskal_Classic,52.063499999349006,103.390625,215,3,200,5155,0.2590452261306533,medium
Kruskal_Optimized,48.548200000368524,63.2109375,215,1,200,5155,0.2590452261306533,medium
Kruskal_Optimized,49.92810000112513,63.2109375,215,2,200,5155,0.2590452261306533,medium
Kruskal_Optimized,41.42229999706615,63.2109375,215,3,200,5155,0.2590452261306533,medium
Prim_Classic,271.6608999980963,980.578125,353,1,350,15564,0.2548342202210397,medium
Prim_Classic,202.39299999957439,980.578125,353,2,350,15564,0.2548342202210397,medium
Prim_Classic,278.9069999998901,980.578125,353,3,350,15564,0.2548342202210397,medium
Prim_Optimized,154.86389999568928,855.21875,353,1,350,15564,0.2548342202210397,medium
Prim_Optimized,89.0136000016355,855.1640625,353,2,350,15564,0.2548342202210397,medium
Prim_Optimized,134.2923000047449,855.1640625,353,3,350,15564,0.2548342202210397,medium
Kruskal_Classic,230.9324000016204,259.0859375,353,1,350,15564,0.2548342202210397,medium
Kruskal_Classic,239.9606000035419,259.0859375,353,2,350,15564,0.2548342202210397,medium
Kruskal_Classic,163.46640000119805,259.0859375,353,3,350,15564,0.2548342202210397,medium
Kruskal_Optimized,259.7739000048023,188.484375,353,1,350,15564,0.2548342202210397,medium
Kruskal_Optimized,115.60620000091149,188.421875,353,2,350,15564,0.2548342202210397,medium
Kruskal_Optimized,148.89940000284696,188.421875,353,3,350,15564,0.2548342202210397,medium
Prim_Classic,622.6652000041213,1988.53125,500,1,500,31632,0.253563126252505,medium
Prim_Classic,669.8745999965467,1988.53125,500,2,500,31632,0.253563126252505,medium
Prim_Classic,465.7980999982101,1988.53125,500,3,500,31632,0.253563126252505,medium
Prim_Optimized,166.90379999636207,1813.0546875,500,1,500,31632,0.253563126252505,medium
Prim_Optimized,113.37360000470653,1813.0,500,2,500,31632,0.253563126252505,medium
Prim_Optimized,90.54530000139493,1813.0,500,3,500,31632,0.253563126252505,medium
Kruskal_Classic,348.44239999802085,481.7578125,500,1,500,31632,0.253563126252505,medium
Kruskal_Classic,202.04720000037923,481.7578125,500,2,500,31632,0.253563126252505,medium
Kruskal_Classic,207.89829999557696,481.7578125,500,3,500,31632,0.253563126252505,medium
Kruskal_Optimized,378.3479999983683,380.546875,500,1,500,31632,0.253563126252505,medium
Kruskal_Optimized,190.08000000030734,380.484375,500,2,500,31632,0.253563126252505,medium
Kruskal_Optimized,235.48430000664666,380.484375,500,3,500,31632,0.253563126252505,medium
Prim_Classic,1176.6973000048893,3879.46875,699,1,700,61971,0.2533047210300429,medium
Prim_Classic,1178.7939999994705,3879.46875,699,2,700,61971,0.2533047210300429,medium
Prim_Classic,1390.642200000002,3879.46875,699,3,700,61971,0.2533047210300429,medium
Prim_Optimized,171.54860000300687,3641.6015625,699,1,700,61971,0.2533047210300429,medium
Prim_Optimized,167.62590000143973,3641.546875,699,2,700,61971,0.2533047210300429,medium
Prim_Optimized,180.49030000111088,3641.546875,699,3,700,61971,0.2533047210300429,medium
Kruskal_Classic,474.21019999455893,882.1640625,699,1,700,61971,0.2533047210300429,medium
Kruskal_Classic,569.5051000002422,882.1640625,699,2,700,61971,0.2533047210300429,medium
Kruskal_Classic,440.8610999962548,882.1640625,699,3,700,61971,0.2533047210300429,medium
Kruskal_Optimized,622.7326000007452,740.015625,699,1,700,61971,0.2533047210300429,medium
Kruskal_Optimized,638.9501000012388,739.953125,699,2,700,61971,0.2533047210300429,medium
Kruskal_Optimized,397.3085000034189,739.953125,699,3,700,61971,0.2533047210300429,medium
Prim_Classic,3.6366000058478676,82.0,115,1,100,2522,0.5094949494949494,dense
Prim_Classic,2.057099998637568,82.0,115,2,100,2522,0.5094949494949494,dense
Prim_Classic,2.1254000021144748,82.0,115,3,100,2522,0.5094949494949494,dense
Prim_Optimized,3.0266000030678697,47.671875,115,1,100,2522,0.5094949494949494,dense
Prim_Optimized,1.7571999997016974,47.6171875,115,2,100,2522,0.5094949494949494,dense
Prim_Optimized,1.6761000006226823,47.6171875,115,3,100,2522,0.5094949494949494,dense
Kruskal_Classic,18.988600000739098,51.3515625,115,1,100,2522,0.5094949494949494,dense
Kruskal_Classic,22.206400004506577,51.3515625,115,2,100,2522,0.5094949494949494,dense
Kruskal_Classic,17.52899999701185,51.3515625,115,3,100,2522,0.5094949494949494,dense
Kruskal_Optimized,13.48370000050636,31.421875,115,1,100,2522,0.5094949494949494,dense
Kruskal_Optimized,11.731699996744283,31.421875,115,2,100,2522,0.5094949494949494,dense
Kruskal_Optimized,17.986999999266118,31.421875,115,3,100,2522,0.5094949494949494,dense
Prim_Classic,23.8314000016544,324.125,200,1,200,10007,0.5028643216080402,dense
Prim_Classic,34.31749999435851,324.125,200,2,200,10007,0.5028643216080402,dense
Prim_Classic,10.342100002162624,324.125,200,3,200,10007,0.5028643216080402,dense
Prim_Optimized,46.06729999795789,504.1640625,200,1,200,10007,0.5028643216080402,dense
Prim_Optimized,27.75359999941429,504.109375,200,2,200,10007,0.5028643216080402,dense
Prim_Optimized,36.972900001273956,504.109375,200,3,200,10007,0.5028643216080402,dense
Kruskal_Classic,97.66509999462869,159.25,200,1,200,10007,0.5028643216080402,dense
Kruskal_Classic,146.6472000029171,159.25,200,2,200,10007,0.5028643216080402,dense
Kruskal_Classic,125.18229999841424,159.25,200,3,200,10007,0.5028643216080402,dense
Kruskal_Optimized,106.51460000372026,119.1328125,200,1,200,10007,0.5028643216080402,dense
Kruskal_Optimized,60.521700004755985,119.0703125,200,2,200,10007,0.5028643216080402,dense
Kruskal_Optimized,72.22470000124304,119.0703125,200,3,200,10007,0.5028643216080402,dense
Prim_Classic,113.3611999975983,980.578125,349,1,350,30642,0.5017110110519852,dense
Prim_Classic,104.73040000215406,980.578125,349,2,350,30642,0.5017110110519852,dense
Prim_Classic,215.68069999921136,980.578125,349,3,350,30642,0.5017110110519852,dense
Prim_Optimized,117.85840000084136,1764.2734375,349,1,350,30642,0.5017110110519852,dense
Prim_Optimized,91.41420000378275,1764.21875,349,2,350,30642,0.5017110110519852,dense
Prim_Optimized,81.86810000188416,1764.21875,349,3,350,30642,0.5017110110519852,dense
Kruskal_Classic,271.5479000034975,432.671875,349,1,350,30642,0.5017110110519852,dense
Kruskal_Classic,217.38789999653818,432.671875,349,2,350,30642,0.5017110110519852,dense
Kruskal_Classic,156.42700000171317,432.671875,349,3,350,30642,0.5017110110519852,dense
Kruskal_Optimized,392.96489999833284,362.0703125,349,1,350,30642,0.5017110110519852,dense
Kruskal_Optimized,278.58310000010533,362.0078125,349,2,350,30642,0.5017110110519852,dense
Kruskal_Optimized,194.15070000104606,362.0078125,349,3,350,30642,0.5017110110519852,dense
Prim_Classic,547.3937999995542,1988.53125,499,1,500,62616,0.5019318637274549,dense
Prim_Classic,416.1573999954271,1988.53125,499,2,500,62616,0.5019318637274549,dense
Prim_Classic,454.93249999708496,1988.53125,499,3,500,62616,0.5019318637274549,dense
Prim_Optimized,251.86399999802234,3672.8828125,499,1,500,62616,0.5019318637274549,dense
Prim_Optimized,144.0816000031191,3672.828125,499,2,500,62616,0.5019318637274549,dense
Prim_Optimized,152.1396999960416,3672.828125,499,3,500,62616,0.5019318637274549,dense
Kruskal_Classic,493.79449999833014,838.6953125,499,1,500,62616,0.5019318637274549,dense
Kruskal_Classic,439.1488000037498,838.6953125,499,2,500,62616,0.5019318637274549,dense
Kruskal_Classic,318.0117000010796,838.6953125,499,3,500,62616,0.5019318637274549,dense
Kruskal_Optimized,496.53009999747155,737.484375,499,1,500,62616,0.5019318637274549,dense
Kruskal_Optimized,401.4152999952785,737.421875,499,2,500,62616,0.5019318637274549,dense
Kruskal_Optimized,408.34869999525836,737.421875,499,3,500,62616,0.5019318637274549,dense
Prim_Classic,1345.3020000015385,3879.46875,699,1,700,122760,0.5017780502759044,dense
Prim_Classic,1330.5506999968202,3879.46875,699,2,700,122760,0.5017780502759044,dense
Prim_Classic,1268.9976999972714,3879.46875,699,3,700,122760,0.5017780502759044,dense
Prim_Optimized,307.9563999999664,7302.0546875,699,1,700,122760,0.5017780502759044,dense
Prim_Optimized,489.33409999881405,7302.0,699,2,700,122760,0.5017780502759044,dense
Prim_Optimized,435.59149999782676,7302.0,699,3,700,122760,0.5017780502759044,dense
Kruskal_Classic,589.2882000043755,1582.4609375,699,1,700,122760,0.5017780502759044,dense
Kruskal_Classic,553.3318999951007,1582.4609375,699,2,700,122760,0.5017780502759044,dense
Kruskal_Classic,590.8845000012661,1582.4609375,699,3,700,122760,0.5017780502759044,dense
Kruskal_Optimized,809.2162999964785,1440.3125,699,1,700,122760,0.5017780502759044,dense
Kruskal_Optimized,545.990200000233,1440.25,699,2,700,122760,0.5017780502759044,dense
Kruskal_Optimized,531.1787000027834,1440.25,699,3,700,122760,0.5017780502759044,dense
