algorithm,execution_time_ms,peak_memory_kb,vertices_visited,success,trial,nodes,edges,graph_type,classification,density_percent
DFS_Optimized,0.2626999994390644,2.0625,10,True,1,10,0,density_fill,Fill 0%; disconnected; sparse; unweighted; undirected; V=10; E=0; fill=0.00%,0
DFS_Optimized,0.09479999425821006,1.2890625,10,True,2,10,0,density_fill,Fill 0%; disconnected; sparse; unweighted; undirected; V=10; E=0; fill=0.00%,0
DFS_Optimized,0.08000000525498763,1.2890625,10,True,3,10,0,density_fill,Fill 0%; disconnected; sparse; unweighted; undirected; V=10; E=0; fill=0.00%,0
DFS_Optimized,0.07670000195503235,1.2890625,10,True,4,10,0,density_fill,Fill 0%; disconnected; sparse; unweighted; undirected; V=10; E=0; fill=0.00%,0
DFS_Optimized,0.08040000102482736,1.2890625,10,True,5,10,0,density_fill,Fill 0%; disconnected; sparse; unweighted; undirected; V=10; E=0; fill=0.00%,0
BFS_Optimized,0.1362999973935075,1.96875,10,True,1,10,0,density_fill,Fill 0%; disconnected; sparse; unweighted; undirected; V=10; E=0; fill=0.00%,0
BFS_Optimized,0.10029999975813553,1.96875,10,True,2,10,0,density_fill,Fill 0%; disconnected; sparse; unweighted; undirected; V=10; E=0; fill=0.00%,0
BFS_Optimized,0.10019999899668619,1.96875,10,True,3,10,0,density_fill,Fill 0%; disconnected; sparse; unweighted; undirected; V=10; E=0; fill=0.00%,0
BFS_Optimized,0.10089999705087394,1.96875,10,True,4,10,0,density_fill,Fill 0%; disconnected; sparse; unweighted; undirected; V=10; E=0; fill=0.00%,0
BFS_Optimized,0.12180000339867547,1.96875,10,True,5,10,0,density_fill,Fill 0%; disconnected; sparse; unweighted; undirected; V=10; E=0; fill=0.00%,0
DFS_Optimized,0.13679999392479658,1.2578125,10,True,1,10,11,density_fill,Fill 25%; connected; sparse; unweighted; undirected; V=10; E=11; fill=24.44%,25
DFS_Optimized,0.08189999789465219,1.2578125,10,True,2,10,11,density_fill,Fill 25%; connected; sparse; unweighted; undirected; V=10; E=11; fill=24.44%,25
DFS_Optimized,0.07810000533936545,1.2578125,10,True,3,10,11,density_fill,Fill 25%; connected; sparse; unweighted; undirected; V=10; E=11; fill=24.44%,25
DFS_Optimized,0.07429999823216349,1.2578125,10,True,4,10,11,density_fill,Fill 25%; connected; sparse; unweighted; undirected; V=10; E=11; fill=24.44%,25
DFS_Optimized,0.0897999998414889,1.2578125,10,True,5,10,11,density_fill,Fill 25%; connected; sparse; unweighted; undirected; V=10; E=11; fill=24.44%,25
BFS_Optimized,0.3006000042660162,1.8984375,10,True,1,10,11,density_fill,Fill 25%; connected; sparse; unweighted; undirected; V=10; E=11; fill=24.44%,25
BFS_Optimized,0.0318000020342879,1.8984375,10,True,2,10,11,density_fill,Fill 25%; connected; sparse; unweighted; undirected; V=10; E=11; fill=24.44%,25
BFS_Optimized,0.025199995434377342,1.8984375,10,True,3,10,11,density_fill,Fill 25%; connected; sparse; unweighted; undirected; V=10; E=11; fill=24.44%,25
BFS_Optimized,0.03579999611247331,1.8984375,10,True,4,10,11,density_fill,Fill 25%; connected; sparse; unweighted; undirected; V=10; E=11; fill=24.44%,25
BFS_Optimized,0.03360000118846074,1.8984375,10,True,5,10,11,density_fill,Fill 25%; connected; sparse; unweighted; undirected; V=10; E=11; fill=24.44%,25
DFS_Optimized,0.049299997044727206,1.3515625,10,True,1,10,22,density_fill,Fill 50%; connected; medium; unweighted; undirected; V=10; E=22; fill=48.89%,50
DFS_Optimized,0.041799998143687844,1.3515625,10,True,2,10,22,density_fill,Fill 50%; connected; medium; unweighted; undirected; V=10; E=22; fill=48.89%,50
DFS_Optimized,0.03989999822806567,1.3515625,10,True,3,10,22,density_fill,Fill 50%; connected; medium; unweighted; undirected; V=10; E=22; fill=48.89%,50
DFS_Optimized,0.03929999365936965,1.3515625,10,True,4,10,22,density_fill,Fill 50%; connected; medium; unweighted; undirected; V=10; E=22; fill=48.89%,50
DFS_Optimized,0.03949999518226832,1.3515625,10,True,5,10,22,density_fill,Fill 50%; connected; medium; unweighted; undirected; V=10; E=22; fill=48.89%,50
BFS_Optimized,0.028100002964492887,1.8984375,10,True,1,10,22,density_fill,Fill 50%; connected; medium; unweighted; undirected; V=10; E=22; fill=48.89%,50
BFS_Optimized,0.026500005333218724,1.8984375,10,True,2,10,22,density_fill,Fill 50%; connected; medium; unweighted; undirected; V=10; E=22; fill=48.89%,50
BFS_Optimized,0.02600000152597204,1.8984375,10,True,3,10,22,density_fill,Fill 50%; connected; medium; unweighted; undirected; V=10; E=22; fill=48.89%,50
BFS_Optimized,0.05660000169882551,1.8984375,10,True,4,10,22,density_fill,Fill 50%; connected; medium; unweighted; undirected; V=10; E=22; fill=48.89%,50
BFS_Optimized,0.14459999511018395,1.8984375,10,True,5,10,22,density_fill,Fill 50%; connected; medium; unweighted; undirected; V=10; E=22; fill=48.89%,50
DFS_Optimized,0.2525000018067658,1.4765625,10,True,1,10,34,density_fill,Fill 75%; connected; dense; unweighted; undirected; V=10; E=34; fill=75.56%,75
DFS_Optimized,0.12589999823831022,1.4765625,10,True,2,10,34,density_fill,Fill 75%; connected; dense; unweighted; undirected; V=10; E=34; fill=75.56%,75
DFS_Optimized,0.08260000322479755,1.4765625,10,True,3,10,34,density_fill,Fill 75%; connected; dense; unweighted; undirected; V=10; E=34; fill=75.56%,75
DFS_Optimized,0.11500000255182385,1.4765625,10,True,4,10,34,density_fill,Fill 75%; connected; dense; unweighted; undirected; V=10; E=34; fill=75.56%,75
DFS_Optimized,0.04690000059781596,1.4765625,10,True,5,10,34,density_fill,Fill 75%; connected; dense; unweighted; undirected; V=10; E=34; fill=75.56%,75
BFS_Optimized,0.03260000084992498,1.8984375,10,True,1,10,34,density_fill,Fill 75%; connected; dense; unweighted; undirected; V=10; E=34; fill=75.56%,75
BFS_Optimized,0.026699999580159783,1.8984375,10,True,2,10,34,density_fill,Fill 75%; connected; dense; unweighted; undirected; V=10; E=34; fill=75.56%,75
BFS_Optimized,0.02729999687289819,1.8984375,10,True,3,10,34,density_fill,Fill 75%; connected; dense; unweighted; undirected; V=10; E=34; fill=75.56%,75
BFS_Optimized,0.027599999157246202,1.8984375,10,True,4,10,34,density_fill,Fill 75%; connected; dense; unweighted; undirected; V=10; E=34; fill=75.56%,75
BFS_Optimized,0.025499997718725353,1.8984375,10,True,5,10,34,density_fill,Fill 75%; connected; dense; unweighted; undirected; V=10; E=34; fill=75.56%,75
DFS_Optimized,0.051700000767596066,1.5390625,10,True,1,10,45,density_fill,Fill 100%; connected; dense; unweighted; undirected; V=10; E=45; fill=100.00%,100
DFS_Optimized,0.04990000161342323,1.5390625,10,True,2,10,45,density_fill,Fill 100%; connected; dense; unweighted; undirected; V=10; E=45; fill=100.00%,100
DFS_Optimized,0.05249999958323315,1.5390625,10,True,3,10,45,density_fill,Fill 100%; connected; dense; unweighted; undirected; V=10; E=45; fill=100.00%,100
DFS_Optimized,0.045700006012339145,1.5390625,10,True,4,10,45,density_fill,Fill 100%; connected; dense; unweighted; undirected; V=10; E=45; fill=100.00%,100
DFS_Optimized,0.044200001866556704,1.5390625,10,True,5,10,45,density_fill,Fill 100%; connected; dense; unweighted; undirected; V=10; E=45; fill=100.00%,100
BFS_Optimized,0.028299997211433947,1.8984375,10,True,1,10,45,density_fill,Fill 100%; connected; dense; unweighted; undirected; V=10; E=45; fill=100.00%,100
BFS_Optimized,0.027400004910305142,1.8984375,10,True,2,10,45,density_fill,Fill 100%; connected; dense; unweighted; undirected; V=10; E=45; fill=100.00%,100
BFS_Optimized,0.026400004571769387,1.8984375,10,True,3,10,45,density_fill,Fill 100%; connected; dense; unweighted; undirected; V=10; E=45; fill=100.00%,100
BFS_Optimized,0.11760000052163377,1.8984375,10,True,4,10,45,density_fill,Fill 100%; connected; dense; unweighted; undirected; V=10; E=45; fill=100.00%,100
BFS_Optimized,0.07329999789362773,1.8984375,10,True,5,10,45,density_fill,Fill 100%; connected; dense; unweighted; undirected; V=10; E=45; fill=100.00%,100
DFS_Optimized,0.6391999995685183,8.546875,50,True,1,50,0,density_fill,Fill 0%; disconnected; sparse; unweighted; undirected; V=50; E=0; fill=0.00%,0
DFS_Optimized,0.2945000014733523,3.234375,50,True,2,50,0,density_fill,Fill 0%; disconnected; sparse; unweighted; undirected; V=50; E=0; fill=0.00%,0
DFS_Optimized,0.326899993524421,3.234375,50,True,3,50,0,density_fill,Fill 0%; disconnected; sparse; unweighted; undirected; V=50; E=0; fill=0.00%,0
DFS_Optimized,0.30780000088270754,3.234375,50,True,4,50,0,density_fill,Fill 0%; disconnected; sparse; unweighted; undirected; V=50; E=0; fill=0.00%,0
DFS_Optimized,0.2884999994421378,3.234375,50,True,5,50,0,density_fill,Fill 0%; disconnected; sparse; unweighted; undirected; V=50; E=0; fill=0.00%,0
BFS_Optimized,0.42050000047311187,3.75,50,True,1,50,0,density_fill,Fill 0%; disconnected; sparse; unweighted; undirected; V=50; E=0; fill=0.00%,0
BFS_Optimized,0.4074000025866553,3.75,50,True,2,50,0,density_fill,Fill 0%; disconnected; sparse; unweighted; undirected; V=50; E=0; fill=0.00%,0
BFS_Optimized,0.4233999934513122,3.75,50,True,3,50,0,density_fill,Fill 0%; disconnected; sparse; unweighted; undirected; V=50; E=0; fill=0.00%,0
BFS_Optimized,0.40919999446487054,3.75,50,True,4,50,0,density_fill,Fill 0%; disconnected; sparse; unweighted; undirected; V=50; E=0; fill=0.00%,0
BFS_Optimized,0.4206000012345612,3.75,50,True,5,50,0,density_fill,Fill 0%; disconnected; sparse; unweighted; undirected; V=50; E=0; fill=0.00%,0
DFS_Optimized,0.44920000073034316,5.578125,50,True,1,50,306,density_fill,Fill 25%; connected; sparse; unweighted; undirected; V=50; E=306; fill=24.98%,25
DFS_Optimized,0.3595000016503036,5.578125,50,True,2,50,306,density_fill,Fill 25%; connected; sparse; unweighted; undirected; V=50; E=306; fill=24.98%,25
DFS_Optimized,0.47389999963343143,5.578125,50,True,3,50,306,density_fill,Fill 25%; connected; sparse; unweighted; undirected; V=50; E=306; fill=24.98%,25
DFS_Optimized,0.382099999114871,5.578125,50,True,4,50,306,density_fill,Fill 25%; connected; sparse; unweighted; undirected; V=50; E=306; fill=24.98%,25
DFS_Optimized,20.777000005182344,5.578125,50,True,5,50,306,density_fill,Fill 25%; connected; sparse; unweighted; undirected; V=50; E=306; fill=24.98%,25
BFS_Optimized,0.42460000258870423,3.8046875,50,True,1,50,306,density_fill,Fill 25%; connected; sparse; unweighted; undirected; V=50; E=306; fill=24.98%,25
BFS_Optimized,0.19789999350905418,3.8046875,50,True,2,50,306,density_fill,Fill 25%; connected; sparse; unweighted; undirected; V=50; E=306; fill=24.98%,25
BFS_Optimized,0.18170000112149864,3.8046875,50,True,3,50,306,density_fill,Fill 25%; connected; sparse; unweighted; undirected; V=50; E=306; fill=24.98%,25
BFS_Optimized,0.20809999841731042,3.8046875,50,True,4,50,306,density_fill,Fill 25%; connected; sparse; unweighted; undirected; V=50; E=306; fill=24.98%,25
BFS_Optimized,0.17659999866737053,3.8046875,50,True,5,50,306,density_fill,Fill 25%; connected; sparse; unweighted; undirected; V=50; E=306; fill=24.98%,25
DFS_Optimized,0.49450000369688496,8.421875,50,True,1,50,612,density_fill,Fill 50%; connected; medium; unweighted; undirected; V=50; E=612; fill=49.96%,50
DFS_Optimized,0.49510000098962337,8.421875,50,True,2,50,612,density_fill,Fill 50%; connected; medium; unweighted; undirected; V=50; E=612; fill=49.96%,50
DFS_Optimized,0.6235999971977435,8.421875,50,True,3,50,612,density_fill,Fill 50%; connected; medium; unweighted; undirected; V=50; E=612; fill=49.96%,50
DFS_Optimized,0.2649999951245263,8.421875,50,True,4,50,612,density_fill,Fill 50%; connected; medium; unweighted; undirected; V=50; E=612; fill=49.96%,50
DFS_Optimized,0.24390000180574134,8.421875,50,True,5,50,612,density_fill,Fill 50%; connected; medium; unweighted; undirected; V=50; E=612; fill=49.96%,50
BFS_Optimized,0.11249999806750566,3.8046875,50,True,1,50,612,density_fill,Fill 50%; connected; medium; unweighted; undirected; V=50; E=612; fill=49.96%,50
BFS_Optimized,0.10399999882793054,3.8046875,50,True,2,50,612,density_fill,Fill 50%; connected; medium; unweighted; undirected; V=50; E=612; fill=49.96%,50
BFS_Optimized,0.1123000038205646,3.8046875,50,True,3,50,612,density_fill,Fill 50%; connected; medium; unweighted; undirected; V=50; E=612; fill=49.96%,50
BFS_Optimized,0.10680000559659675,3.8046875,50,True,4,50,612,density_fill,Fill 50%; connected; medium; unweighted; undirected; V=50; E=612; fill=49.96%,50
BFS_Optimized,0.10439999459777027,3.8046875,50,True,5,50,612,density_fill,Fill 50%; connected; medium; unweighted; undirected; V=50; E=612; fill=49.96%,50
DFS_Optimized,0.3117000014754012,10.6015625,50,True,1,50,919,density_fill,Fill 75%; connected; dense; unweighted; undirected; V=50; E=919; fill=75.02%,75
DFS_Optimized,0.2916000012191944,10.6015625,50,True,2,50,919,density_fill,Fill 75%; connected; dense; unweighted; undirected; V=50; E=919; fill=75.02%,75
DFS_Optimized,0.2934000003733672,10.6015625,50,True,3,50,919,density_fill,Fill 75%; connected; dense; unweighted; undirected; V=50; E=919; fill=75.02%,75
DFS_Optimized,0.31180000223685056,10.6015625,50,True,4,50,919,density_fill,Fill 75%; connected; dense; unweighted; undirected; V=50; E=919; fill=75.02%,75
DFS_Optimized,0.47820000327192247,10.6015625,50,True,5,50,919,density_fill,Fill 75%; connected; dense; unweighted; undirected; V=50; E=919; fill=75.02%,75
BFS_Optimized,0.13949999993201345,3.8046875,50,True,1,50,919,density_fill,Fill 75%; connected; dense; unweighted; undirected; V=50; E=919; fill=75.02%,75
BFS_Optimized,0.15980000171111897,3.8046875,50,True,2,50,919,density_fill,Fill 75%; connected; dense; unweighted; undirected; V=50; E=919; fill=75.02%,75
BFS_Optimized,0.12830000196117908,3.8046875,50,True,3,50,919,density_fill,Fill 75%; connected; dense; unweighted; undirected; V=50; E=919; fill=75.02%,75
BFS_Optimized,0.1247000036528334,3.8046875,50,True,4,50,919,density_fill,Fill 75%; connected; dense; unweighted; undirected; V=50; E=919; fill=75.02%,75
BFS_Optimized,0.12549999519251287,3.8046875,50,True,5,50,919,density_fill,Fill 75%; connected; dense; unweighted; undirected; V=50; E=919; fill=75.02%,75
DFS_Optimized,0.37000000156695023,12.7265625,50,True,1,50,1225,density_fill,Fill 100%; connected; dense; unweighted; undirected; V=50; E=1225; fill=100.00%,100
DFS_Optimized,0.3473999968264252,12.7265625,50,True,2,50,1225,density_fill,Fill 100%; connected; dense; unweighted; undirected; V=50; E=1225; fill=100.00%,100
DFS_Optimized,0.3437999985180795,12.7265625,50,True,3,50,1225,density_fill,Fill 100%; connected; dense; unweighted; undirected; V=50; E=1225; fill=100.00%,100
DFS_Optimized,0.3428999989409931,12.7265625,50,True,4,50,1225,density_fill,Fill 100%; connected; dense; unweighted; undirected; V=50; E=1225; fill=100.00%,100
DFS_Optimized,0.3471000018180348,12.7265625,50,True,5,50,1225,density_fill,Fill 100%; connected; dense; unweighted; undirected; V=50; E=1225; fill=100.00%,100
BFS_Optimized,0.3780000042752363,3.8046875,50,True,1,50,1225,density_fill,Fill 100%; connected; dense; unweighted; undirected; V=50; E=1225; fill=100.00%,100
BFS_Optimized,0.14379999629454687,3.8046875,50,True,2,50,1225,density_fill,Fill 100%; connected; dense; unweighted; undirected; V=50; E=1225; fill=100.00%,100
BFS_Optimized,0.6473000030382536,3.8046875,50,True,3,50,1225,density_fill,Fill 100%; connected; dense; unweighted; undirected; V=50; E=1225; fill=100.00%,100
BFS_Optimized,0.14869999722577631,3.8046875,50,True,4,50,1225,density_fill,Fill 100%; connected; dense; unweighted; undirected; V=50; E=1225; fill=100.00%,100
BFS_Optimized,0.14479999663308263,3.8046875,50,True,5,50,1225,density_fill,Fill 100%; connected; dense; unweighted; undirected; V=50; E=1225; fill=100.00%,100
DFS_Optimized,0.4853999998886138,20.6484375,100,True,1,100,0,density_fill,Fill 0%; disconnected; sparse; unweighted; undirected; V=100; E=0; fill=0.00%,0
DFS_Optimized,0.2708000029087998,11.140625,100,True,2,100,0,density_fill,Fill 0%; disconnected; sparse; unweighted; undirected; V=100; E=0; fill=0.00%,0
DFS_Optimized,0.27100000443169847,11.140625,100,True,3,100,0,density_fill,Fill 0%; disconnected; sparse; unweighted; undirected; V=100; E=0; fill=0.00%,0
DFS_Optimized,0.3552999987732619,11.140625,100,True,4,100,0,density_fill,Fill 0%; disconnected; sparse; unweighted; undirected; V=100; E=0; fill=0.00%,0
DFS_Optimized,0.27070000214735046,11.140625,100,True,5,100,0,density_fill,Fill 0%; disconnected; sparse; unweighted; undirected; V=100; E=0; fill=0.00%,0
BFS_Optimized,0.3974999999627471,11.140625,100,True,1,100,0,density_fill,Fill 0%; disconnected; sparse; unweighted; undirected; V=100; E=0; fill=0.00%,0
BFS_Optimized,4.120999998121988,11.140625,100,True,2,100,0,density_fill,Fill 0%; disconnected; sparse; unweighted; undirected; V=100; E=0; fill=0.00%,0
BFS_Optimized,0.39039999683154747,11.140625,100,True,3,100,0,density_fill,Fill 0%; disconnected; sparse; unweighted; undirected; V=100; E=0; fill=0.00%,0
BFS_Optimized,0.38359999598469585,11.140625,100,True,4,100,0,density_fill,Fill 0%; disconnected; sparse; unweighted; undirected; V=100; E=0; fill=0.00%,0
BFS_Optimized,0.3955000065616332,11.140625,100,True,5,100,0,density_fill,Fill 0%; disconnected; sparse; unweighted; undirected; V=100; E=0; fill=0.00%,0
DFS_Optimized,0.9381000054418109,20.796875,100,True,1,100,1238,density_fill,Fill 25%; connected; sparse; unweighted; undirected; V=100; E=1238; fill=25.01%,25
DFS_Optimized,0.8562000002712011,20.796875,100,True,2,100,1238,density_fill,Fill 25%; connected; sparse; unweighted; undirected; V=100; E=1238; fill=25.01%,25
DFS_Optimized,0.875699995958712,20.796875,100,True,3,100,1238,density_fill,Fill 25%; connected; sparse; unweighted; undirected; V=100; E=1238; fill=25.01%,25
DFS_Optimized,0.8430000016232952,20.796875,100,True,4,100,1238,density_fill,Fill 25%; connected; sparse; unweighted; undirected; V=100; E=1238; fill=25.01%,25
DFS_Optimized,0.8317999963765033,20.796875,100,True,5,100,1238,density_fill,Fill 25%; connected; sparse; unweighted; undirected; V=100; E=1238; fill=25.01%,25
BFS_Optimized,0.418399999034591,11.8203125,100,True,1,100,1238,density_fill,Fill 25%; connected; sparse; unweighted; undirected; V=100; E=1238; fill=25.01%,25
BFS_Optimized,0.39370000013150275,11.8203125,100,True,2,100,1238,density_fill,Fill 25%; connected; sparse; unweighted; undirected; V=100; E=1238; fill=25.01%,25
BFS_Optimized,0.40219999937107787,11.8203125,100,True,3,100,1238,density_fill,Fill 25%; connected; sparse; unweighted; undirected; V=100; E=1238; fill=25.01%,25
BFS_Optimized,0.3916000059689395,11.8203125,100,True,4,100,1238,density_fill,Fill 25%; connected; sparse; unweighted; undirected; V=100; E=1238; fill=25.01%,25
BFS_Optimized,0.3941999966627918,11.8203125,100,True,5,100,1238,density_fill,Fill 25%; connected; sparse; unweighted; undirected; V=100; E=1238; fill=25.01%,25
DFS_Optimized,0.8024999988265336,31.078125,100,True,1,100,2475,density_fill,Fill 50%; connected; medium; unweighted; undirected; V=100; E=2475; fill=50.00%,50
DFS_Optimized,0.6524999989778735,31.078125,100,True,2,100,2475,density_fill,Fill 50%; connected; medium; unweighted; undirected; V=100; E=2475; fill=50.00%,50
DFS_Optimized,0.6423000013455749,31.078125,100,True,3,100,2475,density_fill,Fill 50%; connected; medium; unweighted; undirected; V=100; E=2475; fill=50.00%,50
DFS_Optimized,0.847700001031626,31.078125,100,True,4,100,2475,density_fill,Fill 50%; connected; medium; unweighted; undirected; V=100; E=2475; fill=50.00%,50
DFS_Optimized,1.259500000742264,31.078125,100,True,5,100,2475,density_fill,Fill 50%; connected; medium; unweighted; undirected; V=100; E=2475; fill=50.00%,50
BFS_Optimized,0.5261000042082742,11.8203125,100,True,1,100,2475,density_fill,Fill 50%; connected; medium; unweighted; undirected; V=100; E=2475; fill=50.00%,50
BFS_Optimized,0.5766999965999275,11.8203125,100,True,2,100,2475,density_fill,Fill 50%; connected; medium; unweighted; undirected; V=100; E=2475; fill=50.00%,50
BFS_Optimized,24.34299999731593,11.8203125,100,True,3,100,2475,density_fill,Fill 50%; connected; medium; unweighted; undirected; V=100; E=2475; fill=50.00%,50
BFS_Optimized,0.2806999982567504,11.8203125,100,True,4,100,2475,density_fill,Fill 50%; connected; medium; unweighted; undirected; V=100; E=2475; fill=50.00%,50
BFS_Optimized,0.27709999994840473,11.8203125,100,True,5,100,2475,density_fill,Fill 50%; connected; medium; unweighted; undirected; V=100; E=2475; fill=50.00%,50
DFS_Optimized,1.4133999939076602,43.296875,100,True,1,100,3712,density_fill,Fill 75%; connected; dense; unweighted; undirected; V=100; E=3712; fill=74.99%,75
DFS_Optimized,1.621399998839479,43.296875,100,True,2,100,3712,density_fill,Fill 75%; connected; dense; unweighted; undirected; V=100; E=3712; fill=74.99%,75
DFS_Optimized,1.5856999962124974,43.296875,100,True,3,100,3712,density_fill,Fill 75%; connected; dense; unweighted; undirected; V=100; E=3712; fill=74.99%,75
DFS_Optimized,1.64789999689674,43.296875,100,True,4,100,3712,density_fill,Fill 75%; connected; dense; unweighted; undirected; V=100; E=3712; fill=74.99%,75
DFS_Optimized,1.6434999997727573,43.296875,100,True,5,100,3712,density_fill,Fill 75%; connected; dense; unweighted; undirected; V=100; E=3712; fill=74.99%,75
BFS_Optimized,0.7085999968694523,11.8203125,100,True,1,100,3712,density_fill,Fill 75%; connected; dense; unweighted; undirected; V=100; E=3712; fill=74.99%,75
BFS_Optimized,0.6833999941591173,11.8203125,100,True,2,100,3712,density_fill,Fill 75%; connected; dense; unweighted; undirected; V=100; E=3712; fill=74.99%,75
BFS_Optimized,0.6893000027048402,11.8203125,100,True,3,100,3712,density_fill,Fill 75%; connected; dense; unweighted; undirected; V=100; E=3712; fill=74.99%,75
BFS_Optimized,0.6886999981361441,11.8203125,100,True,4,100,3712,density_fill,Fill 75%; connected; dense; unweighted; undirected; V=100; E=3712; fill=74.99%,75
BFS_Optimized,0.6861000001663342,11.8203125,100,True,5,100,3712,density_fill,Fill 75%; connected; dense; unweighted; undirected; V=100; E=3712; fill=74.99%,75
DFS_Optimized,2.060300001176074,50.2890625,100,True,1,100,4950,density_fill,Fill 100%; connected; dense; unweighted; undirected; V=100; E=4950; fill=100.00%,100
DFS_Optimized,2.1100999947520904,50.2890625,100,True,2,100,4950,density_fill,Fill 100%; connected; dense; unweighted; undirected; V=100; E=4950; fill=100.00%,100
DFS_Optimized,2.1473000015248545,50.2890625,100,True,3,100,4950,density_fill,Fill 100%; connected; dense; unweighted; undirected; V=100; E=4950; fill=100.00%,100
DFS_Optimized,27.735399999073707,50.2890625,100,True,4,100,4950,density_fill,Fill 100%; connected; dense; unweighted; undirected; V=100; E=4950; fill=100.00%,100
DFS_Optimized,1.8246999970870093,50.2890625,100,True,5,100,4950,density_fill,Fill 100%; connected; dense; unweighted; undirected; V=100; E=4950; fill=100.00%,100
BFS_Optimized,0.872299999173265,11.8203125,100,True,1,100,4950,density_fill,Fill 100%; connected; dense; unweighted; undirected; V=100; E=4950; fill=100.00%,100
BFS_Optimized,0.8490999971400015,11.8203125,100,True,2,100,4950,density_fill,Fill 100%; connected; dense; unweighted; undirected; V=100; E=4950; fill=100.00%,100
BFS_Optimized,0.7986999989952892,11.8203125,100,True,3,100,4950,density_fill,Fill 100%; connected; dense; unweighted; undirected; V=100; E=4950; fill=100.00%,100
BFS_Optimized,0.8536000023013912,11.8203125,100,True,4,100,4950,density_fill,Fill 100%; connected; dense; unweighted; undirected; V=100; E=4950; fill=100.00%,100
BFS_Optimized,0.9075999987544492,11.8203125,100,True,5,100,4950,density_fill,Fill 100%; connected; dense; unweighted; undirected; V=100; E=4950; fill=100.00%,100
DFS_Optimized,1.8266999977640808,32.796875,200,True,1,200,0,density_fill,Fill 0%; disconnected; sparse; unweighted; undirected; V=200; E=0; fill=0.00%,0
DFS_Optimized,1.0248000035062432,11.140625,200,True,2,200,0,density_fill,Fill 0%; disconnected; sparse; unweighted; undirected; V=200; E=0; fill=0.00%,0
DFS_Optimized,1.015699999697972,11.140625,200,True,3,200,0,density_fill,Fill 0%; disconnected; sparse; unweighted; undirected; V=200; E=0; fill=0.00%,0
DFS_Optimized,1.003500001388602,11.140625,200,True,4,200,0,density_fill,Fill 0%; disconnected; sparse; unweighted; undirected; V=200; E=0; fill=0.00%,0
DFS_Optimized,1.0045999952126294,11.140625,200,True,5,200,0,density_fill,Fill 0%; disconnected; sparse; unweighted; undirected; V=200; E=0; fill=0.00%,0
BFS_Optimized,1.499300000432413,11.140625,200,True,1,200,0,density_fill,Fill 0%; disconnected; sparse; unweighted; undirected; V=200; E=0; fill=0.00%,0
BFS_Optimized,1.516000003903173,11.140625,200,True,2,200,0,density_fill,Fill 0%; disconnected; sparse; unweighted; undirected; V=200; E=0; fill=0.00%,0
BFS_Optimized,1.509900001110509,11.140625,200,True,3,200,0,density_fill,Fill 0%; disconnected; sparse; unweighted; undirected; V=200; E=0; fill=0.00%,0
BFS_Optimized,1.4785000021220185,11.140625,200,True,4,200,0,density_fill,Fill 0%; disconnected; sparse; unweighted; undirected; V=200; E=0; fill=0.00%,0
BFS_Optimized,1.4643999966210686,11.140625,200,True,5,200,0,density_fill,Fill 0%; disconnected; sparse; unweighted; undirected; V=200; E=0; fill=0.00%,0
DFS_Optimized,2.5020999964908697,51.921875,200,True,1,200,4975,density_fill,Fill 25%; connected; sparse; unweighted; undirected; V=200; E=4975; fill=25.00%,25
DFS_Optimized,25.827699995716102,51.921875,200,True,2,200,4975,density_fill,Fill 25%; connected; sparse; unweighted; undirected; V=200; E=4975; fill=25.00%,25
DFS_Optimized,2.4615000002086163,51.921875,200,True,3,200,4975,density_fill,Fill 25%; connected; sparse; unweighted; undirected; V=200; E=4975; fill=25.00%,25
DFS_Optimized,2.4374999993597157,51.921875,200,True,4,200,4975,density_fill,Fill 25%; connected; sparse; unweighted; undirected; V=200; E=4975; fill=25.00%,25
DFS_Optimized,1.851699998951517,51.921875,200,True,5,200,4975,density_fill,Fill 25%; connected; sparse; unweighted; undirected; V=200; E=4975; fill=25.00%,25
BFS_Optimized,0.8713999995961785,12.3828125,200,True,1,200,4975,density_fill,Fill 25%; connected; sparse; unweighted; undirected; V=200; E=4975; fill=25.00%,25
BFS_Optimized,1.0638999956427142,12.3828125,200,True,2,200,4975,density_fill,Fill 25%; connected; sparse; unweighted; undirected; V=200; E=4975; fill=25.00%,25
BFS_Optimized,1.076100001228042,12.3828125,200,True,3,200,4975,density_fill,Fill 25%; connected; sparse; unweighted; undirected; V=200; E=4975; fill=25.00%,25
BFS_Optimized,1.091500002075918,12.3828125,200,True,4,200,4975,density_fill,Fill 25%; connected; sparse; unweighted; undirected; V=200; E=4975; fill=25.00%,25
BFS_Optimized,0.8444999984931201,12.3828125,200,True,5,200,4975,density_fill,Fill 25%; connected; sparse; unweighted; undirected; V=200; E=4975; fill=25.00%,25
DFS_Optimized,3.1963000001269393,94.203125,200,True,1,200,9950,density_fill,Fill 50%; connected; medium; unweighted; undirected; V=200; E=9950; fill=50.00%,50
DFS_Optimized,3.9180000021588057,94.203125,200,True,2,200,9950,density_fill,Fill 50%; connected; medium; unweighted; undirected; V=200; E=9950; fill=50.00%,50
DFS_Optimized,12.999200000194833,94.203125,200,True,3,200,9950,density_fill,Fill 50%; connected; medium; unweighted; undirected; V=200; E=9950; fill=50.00%,50
DFS_Optimized,2.199500006099697,94.203125,200,True,4,200,9950,density_fill,Fill 50%; connected; medium; unweighted; undirected; V=200; E=9950; fill=50.00%,50
DFS_Optimized,3.9448999959859066,94.203125,200,True,5,200,9950,density_fill,Fill 50%; connected; medium; unweighted; undirected; V=200; E=9950; fill=50.00%,50
BFS_Optimized,1.5004000015323982,12.3828125,200,True,1,200,9950,density_fill,Fill 50%; connected; medium; unweighted; undirected; V=200; E=9950; fill=50.00%,50
BFS_Optimized,1.2815999943995848,12.3828125,200,True,2,200,9950,density_fill,Fill 50%; connected; medium; unweighted; undirected; V=200; E=9950; fill=50.00%,50
BFS_Optimized,1.2791999979526736,12.3828125,200,True,3,200,9950,density_fill,Fill 50%; connected; medium; unweighted; undirected; V=200; E=9950; fill=50.00%,50
BFS_Optimized,1.5803999995114282,12.3828125,200,True,4,200,9950,density_fill,Fill 50%; connected; medium; unweighted; undirected; V=200; E=9950; fill=50.00%,50
BFS_Optimized,0.8484999998472631,12.3828125,200,True,5,200,9950,density_fill,Fill 50%; connected; medium; unweighted; undirected; V=200; E=9950; fill=50.00%,50
DFS_Optimized,3.4761999995680526,128.6953125,200,True,1,200,14925,density_fill,Fill 75%; connected; dense; unweighted; undirected; V=200; E=14925; fill=75.00%,75
DFS_Optimized,2.86210000194842,128.6953125,200,True,2,200,14925,density_fill,Fill 75%; connected; dense; unweighted; undirected; V=200; E=14925; fill=75.00%,75
DFS_Optimized,2.8018000011797994,128.6953125,200,True,3,200,14925,density_fill,Fill 75%; connected; dense; unweighted; undirected; V=200; E=14925; fill=75.00%,75
DFS_Optimized,7.808800000930205,128.6953125,200,True,4,200,14925,density_fill,Fill 75%; connected; dense; unweighted; undirected; V=200; E=14925; fill=75.00%,75
DFS_Optimized,2.8835999983130023,128.6953125,200,True,5,200,14925,density_fill,Fill 75%; connected; dense; unweighted; undirected; V=200; E=14925; fill=75.00%,75
BFS_Optimized,1.4563000004272908,12.3828125,200,True,1,200,14925,density_fill,Fill 75%; connected; dense; unweighted; undirected; V=200; E=14925; fill=75.00%,75
BFS_Optimized,1.375600004394073,12.3828125,200,True,2,200,14925,density_fill,Fill 75%; connected; dense; unweighted; undirected; V=200; E=14925; fill=75.00%,75
BFS_Optimized,1.1626000050455332,12.3828125,200,True,3,200,14925,density_fill,Fill 75%; connected; dense; unweighted; undirected; V=200; E=14925; fill=75.00%,75
BFS_Optimized,1.1599999997997656,12.3828125,200,True,4,200,14925,density_fill,Fill 75%; connected; dense; unweighted; undirected; V=200; E=14925; fill=75.00%,75
BFS_Optimized,1.1508000025060028,12.3828125,200,True,5,200,14925,density_fill,Fill 75%; connected; dense; unweighted; undirected; V=200; E=14925; fill=75.00%,75
DFS_Optimized,18.164699999033473,179.0703125,200,True,1,200,19900,density_fill,Fill 100%; connected; dense; unweighted; undirected; V=200; E=19900; fill=100.00%,100
DFS_Optimized,7.117799999832641,179.0703125,200,True,2,200,19900,density_fill,Fill 100%; connected; dense; unweighted; undirected; V=200; E=19900; fill=100.00%,100
DFS_Optimized,6.8728000042028725,179.0703125,200,True,3,200,19900,density_fill,Fill 100%; connected; dense; unweighted; undirected; V=200; E=19900; fill=100.00%,100
DFS_Optimized,7.191299999249168,179.0703125,200,True,4,200,19900,density_fill,Fill 100%; connected; dense; unweighted; undirected; V=200; E=19900; fill=100.00%,100
DFS_Optimized,7.436899999447633,179.0703125,200,True,5,200,19900,density_fill,Fill 100%; connected; dense; unweighted; undirected; V=200; E=19900; fill=100.00%,100
BFS_Optimized,5.498500002431683,12.3828125,200,True,1,200,19900,density_fill,Fill 100%; connected; dense; unweighted; undirected; V=200; E=19900; fill=100.00%,100
BFS_Optimized,2.9789999971399084,12.3828125,200,True,2,200,19900,density_fill,Fill 100%; connected; dense; unweighted; undirected; V=200; E=19900; fill=100.00%,100
BFS_Optimized,3.228000001399778,12.3828125,200,True,3,200,19900,density_fill,Fill 100%; connected; dense; unweighted; undirected; V=200; E=19900; fill=100.00%,100
BFS_Optimized,2.4055000030784868,12.3828125,200,True,4,200,19900,density_fill,Fill 100%; connected; dense; unweighted; undirected; V=200; E=19900; fill=100.00%,100
BFS_Optimized,2.6948000013362616,12.3828125,200,True,5,200,19900,density_fill,Fill 100%; connected; dense; unweighted; undirected; V=200; E=19900; fill=100.00%,100
DFS_Optimized,4.808700003195554,82.03125,500,True,1,500,0,density_fill,Fill 0%; disconnected; sparse; unweighted; undirected; V=500; E=0; fill=0.00%,0
DFS_Optimized,3.1737999961478636,42.953125,500,True,2,500,0,density_fill,Fill 0%; disconnected; sparse; unweighted; undirected; V=500; E=0; fill=0.00%,0
DFS_Optimized,2.7904000016860664,42.953125,500,True,3,500,0,density_fill,Fill 0%; disconnected; sparse; unweighted; undirected; V=500; E=0; fill=0.00%,0
DFS_Optimized,4.659400001401082,42.953125,500,True,4,500,0,density_fill,Fill 0%; disconnected; sparse; unweighted; undirected; V=500; E=0; fill=0.00%,0
DFS_Optimized,2.91099999594735,42.953125,500,True,5,500,0,density_fill,Fill 0%; disconnected; sparse; unweighted; undirected; V=500; E=0; fill=0.00%,0
BFS_Optimized,24.52929999708431,42.953125,500,True,1,500,0,density_fill,Fill 0%; disconnected; sparse; unweighted; undirected; V=500; E=0; fill=0.00%,0
BFS_Optimized,3.7903999982518144,42.953125,500,True,2,500,0,density_fill,Fill 0%; disconnected; sparse; unweighted; undirected; V=500; E=0; fill=0.00%,0
BFS_Optimized,1.9128000058117323,42.953125,500,True,3,500,0,density_fill,Fill 0%; disconnected; sparse; unweighted; undirected; V=500; E=0; fill=0.00%,0
BFS_Optimized,1.89939999836497,42.953125,500,True,4,500,0,density_fill,Fill 0%; disconnected; sparse; unweighted; undirected; V=500; E=0; fill=0.00%,0
BFS_Optimized,1.9218000015825965,42.953125,500,True,5,500,0,density_fill,Fill 0%; disconnected; sparse; unweighted; undirected; V=500; E=0; fill=0.00%,0
DFS_Optimized,8.127799999783747,313.671875,500,True,1,500,31188,density_fill,Fill 25%; connected; sparse; unweighted; undirected; V=500; E=31188; fill=25.00%,25
DFS_Optimized,6.347199996525887,313.671875,500,True,2,500,31188,density_fill,Fill 25%; connected; sparse; unweighted; undirected; V=500; E=31188; fill=25.00%,25
DFS_Optimized,6.575899999006651,313.671875,500,True,3,500,31188,density_fill,Fill 25%; connected; sparse; unweighted; undirected; V=500; E=31188; fill=25.00%,25
DFS_Optimized,41.14040000422392,313.671875,500,True,4,500,31188,density_fill,Fill 25%; connected; sparse; unweighted; undirected; V=500; E=31188; fill=25.00%,25
DFS_Optimized,5.993999999191146,313.671875,500,True,5,500,31188,density_fill,Fill 25%; connected; sparse; unweighted; undirected; V=500; E=31188; fill=25.00%,25
BFS_Optimized,2.6837999976123683,43.3671875,500,True,1,500,31188,density_fill,Fill 25%; connected; sparse; unweighted; undirected; V=500; E=31188; fill=25.00%,25
BFS_Optimized,3.7710999968112446,43.3671875,500,True,2,500,31188,density_fill,Fill 25%; connected; sparse; unweighted; undirected; V=500; E=31188; fill=25.00%,25
BFS_Optimized,16.487499997310806,43.3671875,500,True,3,500,31188,density_fill,Fill 25%; connected; sparse; unweighted; undirected; V=500; E=31188; fill=25.00%,25
BFS_Optimized,12.419799997587688,43.3671875,500,True,4,500,31188,density_fill,Fill 25%; connected; sparse; unweighted; undirected; V=500; E=31188; fill=25.00%,25
BFS_Optimized,6.904900001245551,43.3671875,500,True,5,500,31188,density_fill,Fill 25%; connected; sparse; unweighted; undirected; V=500; E=31188; fill=25.00%,25
DFS_Optimized,15.334199997596443,531.078125,500,True,1,500,62375,density_fill,Fill 50%; connected; medium; unweighted; undirected; V=500; E=62375; fill=50.00%,50
DFS_Optimized,34.723299999313895,531.078125,500,True,2,500,62375,density_fill,Fill 50%; connected; medium; unweighted; undirected; V=500; E=62375; fill=50.00%,50
DFS_Optimized,21.98569999745814,531.078125,500,True,3,500,62375,density_fill,Fill 50%; connected; medium; unweighted; undirected; V=500; E=62375; fill=50.00%,50
DFS_Optimized,16.38910000474425,531.078125,500,True,4,500,62375,density_fill,Fill 50%; connected; medium; unweighted; undirected; V=500; E=62375; fill=50.00%,50
DFS_Optimized,34.78239999822108,531.078125,500,True,5,500,62375,density_fill,Fill 50%; connected; medium; unweighted; undirected; V=500; E=62375; fill=50.00%,50
BFS_Optimized,7.891099994594697,43.3671875,500,True,1,500,62375,density_fill,Fill 50%; connected; medium; unweighted; undirected; V=500; E=62375; fill=50.00%,50
BFS_Optimized,8.207500002754387,43.3671875,500,True,2,500,62375,density_fill,Fill 50%; connected; medium; unweighted; undirected; V=500; E=62375; fill=50.00%,50
BFS_Optimized,5.7487000012770295,43.3671875,500,True,3,500,62375,density_fill,Fill 50%; connected; medium; unweighted; undirected; V=500; E=62375; fill=50.00%,50
BFS_Optimized,33.690399999613874,43.3671875,500,True,4,500,62375,density_fill,Fill 50%; connected; medium; unweighted; undirected; V=500; E=62375; fill=50.00%,50
BFS_Optimized,7.297300006030127,43.3671875,500,True,5,500,62375,density_fill,Fill 50%; connected; medium; unweighted; undirected; V=500; E=62375; fill=50.00%,50
DFS_Optimized,55.13309999514604,825.046875,500,True,1,500,93562,density_fill,Fill 75%; connected; dense; unweighted; undirected; V=500; E=93562; fill=75.00%,75
DFS_Optimized,30.80950000003213,825.046875,500,True,2,500,93562,density_fill,Fill 75%; connected; dense; unweighted; undirected; V=500; E=93562; fill=75.00%,75
DFS_Optimized,72.25619999371702,825.046875,500,True,3,500,93562,density_fill,Fill 75%; connected; dense; unweighted; undirected; V=500; E=93562; fill=75.00%,75
DFS_Optimized,41.68310000386555,825.046875,500,True,4,500,93562,density_fill,Fill 75%; connected; dense; unweighted; undirected; V=500; E=93562; fill=75.00%,75
DFS_Optimized,32.236099999863654,825.046875,500,True,5,500,93562,density_fill,Fill 75%; connected; dense; unweighted; undirected; V=500; E=93562; fill=75.00%,75
BFS_Optimized,12.280499999178573,43.3671875,500,True,1,500,93562,density_fill,Fill 75%; connected; dense; unweighted; undirected; V=500; E=93562; fill=75.00%,75
BFS_Optimized,12.978699996892828,43.3671875,500,True,2,500,93562,density_fill,Fill 75%; connected; dense; unweighted; undirected; V=500; E=93562; fill=75.00%,75
BFS_Optimized,8.235099994635675,43.3671875,500,True,3,500,93562,density_fill,Fill 75%; connected; dense; unweighted; undirected; V=500; E=93562; fill=75.00%,75
BFS_Optimized,19.53710000088904,43.3671875,500,True,4,500,93562,density_fill,Fill 75%; connected; dense; unweighted; undirected; V=500; E=93562; fill=75.00%,75
BFS_Optimized,8.096599995042197,43.3671875,500,True,5,500,93562,density_fill,Fill 75%; connected; dense; unweighted; undirected; V=500; E=93562; fill=75.00%,75
DFS_Optimized,30.559300001186784,1026.6640625,500,True,1,500,124750,density_fill,Fill 100%; connected; dense; unweighted; undirected; V=500; E=124750; fill=100.00%,100
DFS_Optimized,57.928300004277844,1026.6640625,500,True,2,500,124750,density_fill,Fill 100%; connected; dense; unweighted; undirected; V=500; E=124750; fill=100.00%,100
DFS_Optimized,50.014299995382316,1026.6640625,500,True,3,500,124750,density_fill,Fill 100%; connected; dense; unweighted; undirected; V=500; E=124750; fill=100.00%,100
DFS_Optimized,122.73350000032224,1026.6640625,500,True,4,500,124750,density_fill,Fill 100%; connected; dense; unweighted; undirected; V=500; E=124750; fill=100.00%,100
DFS_Optimized,36.89160000067204,1026.6640625,500,True,5,500,124750,density_fill,Fill 100%; connected; dense; unweighted; undirected; V=500; E=124750; fill=100.00%,100
BFS_Optimized,33.33639999618754,43.3671875,500,True,1,500,124750,density_fill,Fill 100%; connected; dense; unweighted; undirected; V=500; E=124750; fill=100.00%,100
BFS_Optimized,33.770299996831454,43.3671875,500,True,2,500,124750,density_fill,Fill 100%; connected; dense; unweighted; undirected; V=500; E=124750; fill=100.00%,100
BFS_Optimized,16.560299998673145,43.3671875,500,True,3,500,124750,density_fill,Fill 100%; connected; dense; unweighted; undirected; V=500; E=124750; fill=100.00%,100
BFS_Optimized,9.207900002365932,43.3671875,500,True,4,500,124750,density_fill,Fill 100%; connected; dense; unweighted; undirected; V=500; E=124750; fill=100.00%,100
BFS_Optimized,11.892999995325226,43.3671875,500,True,5,500,124750,density_fill,Fill 100%; connected; dense; unweighted; undirected; V=500; E=124750; fill=100.00%,100
DFS_Optimized,12.972999997145962,131.9140625,1000,True,1,1000,0,density_fill,Fill 0%; disconnected; sparse; unweighted; undirected; V=1000; E=0; fill=0.00%,0
DFS_Optimized,2.6797000027727336,42.953125,1000,True,2,1000,0,density_fill,Fill 0%; disconnected; sparse; unweighted; undirected; V=1000; E=0; fill=0.00%,0
DFS_Optimized,2.7412999988882802,42.953125,1000,True,3,1000,0,density_fill,Fill 0%; disconnected; sparse; unweighted; undirected; V=1000; E=0; fill=0.00%,0
DFS_Optimized,2.7417000019340776,42.953125,1000,True,4,1000,0,density_fill,Fill 0%; disconnected; sparse; unweighted; undirected; V=1000; E=0; fill=0.00%,0
DFS_Optimized,4.6835000030114315,42.953125,1000,True,5,1000,0,density_fill,Fill 0%; disconnected; sparse; unweighted; undirected; V=1000; E=0; fill=0.00%,0
BFS_Optimized,3.9137000057962723,42.953125,1000,True,1,1000,0,density_fill,Fill 0%; disconnected; sparse; unweighted; undirected; V=1000; E=0; fill=0.00%,0
BFS_Optimized,5.460199994558934,42.953125,1000,True,2,1000,0,density_fill,Fill 0%; disconnected; sparse; unweighted; undirected; V=1000; E=0; fill=0.00%,0
BFS_Optimized,7.431300000462215,42.953125,1000,True,3,1000,0,density_fill,Fill 0%; disconnected; sparse; unweighted; undirected; V=1000; E=0; fill=0.00%,0
BFS_Optimized,13.32840000395663,42.953125,1000,True,4,1000,0,density_fill,Fill 0%; disconnected; sparse; unweighted; undirected; V=1000; E=0; fill=0.00%,0
BFS_Optimized,4.366900000604801,42.953125,1000,True,5,1000,0,density_fill,Fill 0%; disconnected; sparse; unweighted; undirected; V=1000; E=0; fill=0.00%,0
DFS_Optimized,47.91560000012396,1032.890625,1000,True,1,1000,124875,density_fill,Fill 25%; connected; sparse; unweighted; undirected; V=1000; E=124875; fill=25.00%,25
DFS_Optimized,66.1093999951845,1032.890625,1000,True,2,1000,124875,density_fill,Fill 25%; connected; sparse; unweighted; undirected; V=1000; E=124875; fill=25.00%,25
DFS_Optimized,81.14750000095228,1032.890625,1000,True,3,1000,124875,density_fill,Fill 25%; connected; sparse; unweighted; undirected; V=1000; E=124875; fill=25.00%,25
DFS_Optimized,62.83659999462543,1032.890625,1000,True,4,1000,124875,density_fill,Fill 25%; connected; sparse; unweighted; undirected; V=1000; E=124875; fill=25.00%,25
DFS_Optimized,43.46730000543175,1032.890625,1000,True,5,1000,124875,density_fill,Fill 25%; connected; sparse; unweighted; undirected; V=1000; E=124875; fill=25.00%,25
BFS_Optimized,18.844899997930042,49.6015625,1000,True,1,1000,124875,density_fill,Fill 25%; connected; sparse; unweighted; undirected; V=1000; E=124875; fill=25.00%,25
BFS_Optimized,13.370499997108709,49.6015625,1000,True,2,1000,124875,density_fill,Fill 25%; connected; sparse; unweighted; undirected; V=1000; E=124875; fill=25.00%,25
BFS_Optimized,15.781199996126816,49.6015625,1000,True,3,1000,124875,density_fill,Fill 25%; connected; sparse; unweighted; undirected; V=1000; E=124875; fill=25.00%,25
BFS_Optimized,19.71590000175638,49.6015625,1000,True,4,1000,124875,density_fill,Fill 25%; connected; sparse; unweighted; undirected; V=1000; E=124875; fill=25.00%,25
BFS_Optimized,9.922600002028048,49.6015625,1000,True,5,1000,124875,density_fill,Fill 25%; connected; sparse; unweighted; undirected; V=1000; E=124875; fill=25.00%,25
DFS_Optimized,136.24610000260873,2050.171875,1000,True,1,1000,249750,density_fill,Fill 50%; connected; medium; unweighted; undirected; V=1000; E=249750; fill=50.00%,50
DFS_Optimized,92.30349999415921,2050.171875,1000,True,2,1000,249750,density_fill,Fill 50%; connected; medium; unweighted; undirected; V=1000; E=249750; fill=50.00%,50
DFS_Optimized,71.21270000061486,2050.171875,1000,True,3,1000,249750,density_fill,Fill 50%; connected; medium; unweighted; undirected; V=1000; E=249750; fill=50.00%,50
DFS_Optimized,96.2299000020721,2050.171875,1000,True,4,1000,249750,density_fill,Fill 50%; connected; medium; unweighted; undirected; V=1000; E=249750; fill=50.00%,50
DFS_Optimized,151.13800000108313,2050.171875,1000,True,5,1000,249750,density_fill,Fill 50%; connected; medium; unweighted; undirected; V=1000; E=249750; fill=50.00%,50
BFS_Optimized,40.57539999485016,49.6015625,1000,True,1,1000,249750,density_fill,Fill 50%; connected; medium; unweighted; undirected; V=1000; E=249750; fill=50.00%,50
BFS_Optimized,46.07340000075055,49.6015625,1000,True,2,1000,249750,density_fill,Fill 50%; connected; medium; unweighted; undirected; V=1000; E=249750; fill=50.00%,50
BFS_Optimized,37.389400000392925,49.6015625,1000,True,3,1000,249750,density_fill,Fill 50%; connected; medium; unweighted; undirected; V=1000; E=249750; fill=50.00%,50
BFS_Optimized,34.861000000091735,49.6015625,1000,True,4,1000,249750,density_fill,Fill 50%; connected; medium; unweighted; undirected; V=1000; E=249750; fill=50.00%,50
BFS_Optimized,37.32489999674726,49.6015625,1000,True,5,1000,249750,density_fill,Fill 50%; connected; medium; unweighted; undirected; V=1000; E=249750; fill=50.00%,50
DFS_Optimized,151.87850000074832,3256.6328125,1000,True,1,1000,374625,density_fill,Fill 75%; connected; dense; unweighted; undirected; V=1000; E=374625; fill=75.00%,75
DFS_Optimized,215.32420000585262,3256.6328125,1000,True,2,1000,374625,density_fill,Fill 75%; connected; dense; unweighted; undirected; V=1000; E=374625; fill=75.00%,75
DFS_Optimized,146.53150000231108,3256.6328125,1000,True,3,1000,374625,density_fill,Fill 75%; connected; dense; unweighted; undirected; V=1000; E=374625; fill=75.00%,75
DFS_Optimized,152.15470000111964,3256.6328125,1000,True,4,1000,374625,density_fill,Fill 75%; connected; dense; unweighted; undirected; V=1000; E=374625; fill=75.00%,75
DFS_Optimized,166.63349999726051,3256.6328125,1000,True,5,1000,374625,density_fill,Fill 75%; connected; dense; unweighted; undirected; V=1000; E=374625; fill=75.00%,75
BFS_Optimized,123.50689999584574,49.6015625,1000,True,1,1000,374625,density_fill,Fill 75%; connected; dense; unweighted; undirected; V=1000; E=374625; fill=75.00%,75
BFS_Optimized,89.51689999958035,49.6015625,1000,True,2,1000,374625,density_fill,Fill 75%; connected; dense; unweighted; undirected; V=1000; E=374625; fill=75.00%,75
BFS_Optimized,53.50340000586584,49.6015625,1000,True,3,1000,374625,density_fill,Fill 75%; connected; dense; unweighted; undirected; V=1000; E=374625; fill=75.00%,75
BFS_Optimized,41.63960000005318,49.6015625,1000,True,4,1000,374625,density_fill,Fill 75%; connected; dense; unweighted; undirected; V=1000; E=374625; fill=75.00%,75
BFS_Optimized,67.94139999692561,49.6015625,1000,True,5,1000,374625,density_fill,Fill 75%; connected; dense; unweighted; undirected; V=1000; E=374625; fill=75.00%,75
DFS_Optimized,249.84950000362005,4110.8203125,1000,True,1,1000,499500,density_fill,Fill 100%; connected; dense; unweighted; undirected; V=1000; E=499500; fill=100.00%,100
DFS_Optimized,253.84979999944335,4110.8203125,1000,True,2,1000,499500,density_fill,Fill 100%; connected; dense; unweighted; undirected; V=1000; E=499500; fill=100.00%,100
DFS_Optimized,160.57829999772366,4110.8203125,1000,True,3,1000,499500,density_fill,Fill 100%; connected; dense; unweighted; undirected; V=1000; E=499500; fill=100.00%,100
DFS_Optimized,189.89800000417745,4110.8203125,1000,True,4,1000,499500,density_fill,Fill 100%; connected; dense; unweighted; undirected; V=1000; E=499500; fill=100.00%,100
DFS_Optimized,222.9181000002427,4110.8203125,1000,True,5,1000,499500,density_fill,Fill 100%; connected; dense; unweighted; undirected; V=1000; E=499500; fill=100.00%,100
BFS_Optimized,130.57770000159508,49.6015625,1000,True,1,1000,499500,density_fill,Fill 100%; connected; dense; unweighted; undirected; V=1000; E=499500; fill=100.00%,100
BFS_Optimized,64.91280000045663,49.6015625,1000,True,2,1000,499500,density_fill,Fill 100%; connected; dense; unweighted; undirected; V=1000; E=499500; fill=100.00%,100
BFS_Optimized,61.42330000147922,49.6015625,1000,True,3,1000,499500,density_fill,Fill 100%; connected; dense; unweighted; undirected; V=1000; E=499500; fill=100.00%,100
BFS_Optimized,49.42210000444902,49.6015625,1000,True,4,1000,499500,density_fill,Fill 100%; connected; dense; unweighted; undirected; V=1000; E=499500; fill=100.00%,100
BFS_Optimized,49.534900004800875,49.6015625,1000,True,5,1000,499500,density_fill,Fill 100%; connected; dense; unweighted; undirected; V=1000; E=499500; fill=100.00%,100
